Pokemon Id,Pokedex Number,Pokemon Name,Classification,Alternate Form Name,Original Pokemon ID,Legendary Type,Pokemon Height,Pokemon Weight,Primary Type,Secondary Type,Primary Ability,Primary Ability Description,Secondary Ability,Secondary Ability Description,Hidden Ability,Hidden Ability Description,Special Event Ability,Special Event Ability Description,Male Ratio,Female Ratio,Base Happiness,Game(s) of Origin,Health Stat,Attack Stat,Defense Stat,Special Attack Stat,Special Defense Stat,Speed Stat,Base Stat Total,Health EV,Attack EV,Defense EV,Special Attack EV,Special Defense EV,Speed EV,EV Yield Total,Catch Rate,Experience Growth,Experience Growth Total,Primary Egg Group,Secondary Egg Group,Egg Cycle Count,Pre-Evolution Pokemon Id,Evolution Details
869,535,"""Tympole""","""Tadpole Pokémon""",,,,0.5,4.5,"""Water""",,"""Swift Swim""","""Boosts the Pokémon's Speed stat in rain.""","""Hydration""","""Heals status conditions if it's raining.""","""Water Absorb""","""Restores HP if hit by a Water-type move instead of taking damage.""",,,50.0,50.0,50,"""Black""",50,50,40,50,40,64,294,0,0,0,0,0,1,1,255,"""Medium Slow""",1059860,"""Water 1""",,20,,
617,419,"""Floatzel""","""Sea Weasel Pokémon""",,,,1.1,33.5,"""Water""",,"""Swift Swim""","""Boosts the Pokémon's Speed stat in rain.""",,,"""Water Veil""","""The Pokémon is covered with a water veil, which prevents the Pokémon from getting a burn.""",,,50.0,50.0,50,"""Diamond""",85,105,55,85,50,115,495,0,0,0,0,0,2,2,75,"""Medium Fast""",1000000,"""Water 1""","""Field""",20,616.0,"""Level 26"""
1289,761,"""Bounsweet""","""Fruit Pokémon""",,,,0.3,3.2,"""Grass""",,"""Leaf Guard""","""Prevents status conditions in harsh sunlight.""","""Oblivious""","""The Pokémon is oblivious, and that keeps it from being infatuated or falling for taunts.""","""Sweet Veil""","""Prevents itself and ally Pokémon from falling asleep.""",,,0.0,100.0,50,"""Sun""",42,30,38,30,38,32,210,1,0,0,0,0,0,1,235,"""Medium Slow""",1059860,"""Grass""",,20,,
1140,710,"""Pumpkaboo""","""Pumpkin Pokémon""",,,,0.4,5.0,"""Ghost""","""Grass""","""Pickup""","""The Pokémon may pick up the item an opposing Pokémon used during a battle. It may pick up items outside of battle, too.""","""Frisk""","""When it enters a battle, the Pokémon can check an opposing Pokémon's held item.""","""Insomnia""","""The Pokémon is suffering from insomnia and cannot fall asleep.""",,,50.0,50.0,50,"""X""",49,66,70,44,55,51,335,0,0,1,0,0,0,1,120,"""Medium Fast""",1000000,"""Amorphous""",,20,,
392,264,"""Linoone""","""Rushing Pokémon""",,,,0.5,32.5,"""Normal""",,"""Pickup""","""The Pokémon may pick up the item an opposing Pokémon used during a battle. It may pick up items outside of battle, too.""","""Gluttony""","""Makes the Pokémon eat a held Berry when its HP drops to half or less, which is sooner than usual.""","""Quick Feet""","""Boosts the Speed stat if the Pokémon has a status condition.""",,,50.0,50.0,50,"""Ruby""",78,70,61,50,61,100,420,0,0,0,0,0,2,2,90,"""Medium Fast""",1000000,"""Field""",,15,391.0,"""Level 20"""
72,50,"""Diglett""","""Mole Pokémon""",,,,0.2,0.8,"""Ground""",,"""Sand Veil""","""Boosts the Pokémon's evasiveness in a sandstorm.""","""Arena Trap""","""Prevents opposing Pokémon from fleeing.""","""Sand Force""","""Boosts the power of Rock-, Ground-, and Steel-type moves in a sandstorm.""",,,50.0,50.0,50,"""Red""",10,55,25,35,45,95,265,0,0,0,0,0,1,1,255,"""Medium Fast""",1000000,"""Field""",,20,,
408,280,"""Ralts""","""Feeling Pokémon""",,,,0.4,6.6,"""Psychic""","""Fairy""","""Synchronize""","""The attacker will receive the same status condition if it inflicts a burn, poison, or paralysis to the Pokémon.""","""Trace""","""When it enters a battle, the Pokémon copies an opposing Pokémon's Ability.""","""Telepathy""","""Anticipates an ally's attack and dodges it.""",,,50.0,50.0,35,"""Ruby""",28,25,25,45,35,40,198,0,0,0,1,0,0,1,235,"""Slow""",1250000,"""Human-Like""","""Amorphous""",20,,
46,81,"""Magnemite""","""Magnet Pokémon""",,,,0.3,6.0,"""Electric""","""Steel""","""Magnet Pull""","""Prevents Steel-type Pokémon from escaping using its magnetic force.""","""Sturdy""","""It cannot be knocked out with one hit. One-hit KO moves cannot knock it out, either.""","""Analytic""","""Boosts move power when the Pokémon moves last.""",,,0.0,0.0,50,"""Red""",25,35,70,95,55,45,325,0,0,0,1,0,0,1,190,"""Medium Fast""",1000000,"""Mineral""",,20,,
1590,308,"""Medicham""","""Meditate Pokémon""","""Mega""",436.0,,1.3,31.5,"""Fighting""","""Psychic""","""Pure Power""","""Using its pure power, the Pokémon doubles its Attack stat.""",,,,,,,50.0,50.0,70,"""X""",60,100,85,80,85,100,510,0,0,0,0,0,2,2,90,"""Medium Fast""",1000000,"""Human-Like""",,20,,
1346,87,"""Dewgong""","""Sea Lion Pokémon""",,,,1.7,120.0,"""Water""","""Ice""","""Thick Fat""","""The Pokémon is protected by a layer of thick fat, which halves the damage taken from Fire- and Ice-type moves.""","""Hydration""","""Heals status conditions if it's raining.""","""Ice Body""","""The Pokémon gradually regains HP in a snowstorm.""",,,50.0,50.0,50,"""Red""",90,70,80,70,95,70,475,0,0,0,0,2,0,2,75,"""Medium Fast""",1000000,"""Water 1""","""Field""",20,1345.0,"""Level 34"""
613,415,"""Combee""","""Tiny Bee Pokémon""",,,,0.3,5.5,"""Bug""","""Flying""","""Honey Gather""","""The Pokémon may gather Honey after a battle.""",,,"""Hustle""","""Boosts the Attack stat, but lowers accuracy.""",,,87.5,12.5,50,"""Diamond""",30,30,42,30,42,70,244,0,0,0,0,0,1,1,120,"""Medium Slow""",1059860,"""Bug""",,15,,
871,537,"""Seismitoad""","""Vibration Pokémon""",,,,1.5,62.0,"""Water""","""Ground""","""Swift Swim""","""Boosts the Pokémon's Speed stat in rain.""","""Poison Touch""","""May poison a target when the Pokémon makes contact.""","""Water Absorb""","""Restores HP if hit by a Water-type move instead of taking damage.""",,,50.0,50.0,50,"""Black""",105,95,75,85,75,74,509,3,0,0,0,0,0,3,45,"""Medium Slow""",1059860,"""Water 1""",,20,870.0,"""Level 36"""
1267,741,"""Oricorio""","""Dancing Pokémon""",,,,0.6,3.4,"""Fire""","""Flying""","""Dancer""","""When another Pokémon uses a dance move, it can use a dance move following it regardless of its Speed.""",,,,,,,25.0,75.0,50,"""Sun""",75,70,70,98,70,93,476,0,0,0,2,0,0,2,45,"""Medium Fast""",1000000,"""Flying""",,20,,
1132,703,"""Carbink""","""Jewel Pokémon""",,,,0.3,5.7,"""Rock""","""Fairy""","""Clear Body""","""Prevents other Pokémon's moves or Abilities from lowering the Pokémon's stats.""",,,"""Sturdy""","""It cannot be knocked out with one hit. One-hit KO moves cannot knock it out, either.""",,,0.0,0.0,50,"""X""",50,50,150,50,150,50,500,0,0,1,0,1,0,2,60,"""Slow""",1250000,"""Fairy""","""Mineral""",25,,
607,409,"""Rampardos""","""Head Butt Pokémon""",,,,1.6,102.5,"""Rock""",,"""Mold Breaker""","""Moves can be used on the target regardless of its Abilities.""",,,"""Sheer Force""","""Removes additional effects to increase the power of moves when attacking.""",,,87.5,12.5,50,"""Diamond""",97,165,60,65,50,58,495,0,2,0,0,0,0,2,45,"""Erratic""",600000,"""Monster""",,30,606.0,"""Level 30"""
627,429,"""Mismagius""","""Magical Pokémon""",,,,0.9,4.4,"""Ghost""",,"""Levitate""","""By floating in the air, the Pokémon receives full immunity to all Ground-type moves.""",,,,,,,50.0,50.0,35,"""Diamond""",60,60,60,105,105,105,495,0,0,0,1,1,0,2,45,"""Fast""",800000,"""Amorphous""",,25,324.0,"""Dusk Stone"""
231,136,"""Flareon""","""Flame Pokémon""",,,,0.9,25.0,"""Fire""",,"""Flash Fire""","""Powers up the Pokémon's Fire-type moves if it's hit by one.""",,,"""Guts""","""It's so gutsy that having a status condition boosts the Pokémon's Attack stat.""",,,87.5,12.5,50,"""Red""",65,130,60,95,110,65,525,0,2,0,0,0,0,2,45,"""Medium Fast""",1000000,"""Field""",,35,228.0,"""Fire Stone"""
1291,763,"""Tsareena""","""Fruit Pokémon""",,,,1.2,21.4,"""Grass""",,"""Leaf Guard""","""Prevents status conditions in harsh sunlight.""","""Queenly Majesty""","""Its majesty pressures the opposing Pokémon, making it unable to attack using priority moves.""","""Sweet Veil""","""Prevents itself and ally Pokémon from falling asleep.""",,,0.0,100.0,50,"""Sun""",72,120,98,50,98,72,510,0,3,0,0,0,0,3,45,"""Medium Slow""",1059860,"""Grass""",,20,1290.0,"""Knowing Stomp"""
872,538,"""Throh""","""Judo Pokémon""",,,,1.3,55.5,"""Fighting""",,"""Guts""","""It's so gutsy that having a status condition boosts the Pokémon's Attack stat.""","""Inner Focus""","""The Pokémon's intensely focused, and that protects the Pokémon from flinching.""","""Mold Breaker""","""Moves can be used on the target regardless of its Abilities.""",,,100.0,0.0,50,"""Black""",120,100,85,30,85,45,465,2,0,0,0,0,0,2,45,"""Medium Fast""",1000000,"""Human-Like""",,20,,
1847,201,"""Unown""","""Symbol Pokémon""","""O""",325.0,,0.5,5.0,"""Psychic""",,"""Levitate""","""By floating in the air, the Pokémon receives full immunity to all Ground-type moves.""",,,,,,,0.0,0.0,50,"""Gold""",48,72,48,72,48,48,336,0,1,0,1,0,0,2,225,"""Medium Fast""",1000000,"""No Eggs Discovered""",,40,,
974,602,"""Tynamo""","""EleFish Pokémon""",,,,0.2,0.3,"""Electric""",,"""Levitate""","""By floating in the air, the Pokémon receives full immunity to all Ground-type moves.""",,,,,,,50.0,50.0,50,"""Black""",35,55,40,45,40,60,275,0,0,0,0,0,1,1,190,"""Slow""",1250000,"""Amorphous""",,20,,
2,2,"""Ivysaur""","""Seed Pokémon""",,,,1.0,13.0,"""Grass""","""Poison""","""Overgrow""","""Powers up Grass-type moves when the Pokémon's HP is low.""",,,"""Chlorophyll""","""Boosts the Pokémon's Speed stat in harsh sunlight.""",,,87.5,12.5,50,"""Red""",60,62,63,80,80,60,405,0,0,0,1,1,0,2,45,"""Medium Slow""",1059860,"""Monster""","""Grass""",20,1.0,"""Level 16"""
1142,712,"""Bergmite""","""Ice Chunk Pokémon""",,,,1.0,99.5,"""Ice""",,"""Own Tempo""","""This Pokémon has its own tempo, and that prevents it from becoming confused.""","""Ice Body""","""The Pokémon gradually regains HP in a snowstorm.""","""Sturdy""","""It cannot be knocked out with one hit. One-hit KO moves cannot knock it out, either.""",,,50.0,50.0,50,"""X""",55,69,85,32,35,28,304,0,0,1,0,0,0,1,190,"""Medium Fast""",1000000,"""Monster""","""Mineral""",20,,
1387,146,"""Moltres""","""Malevolent Pokémon""","""Galar""",241.0,"""Sub-Legendary""",2.0,66.0,"""Dark""","""Flying""","""Berserk""","""Boosts the Pokémon's Sp. Atk stat when it takes a hit that causes its HP to become half or less.""",,,,,,,0.0,0.0,35,"""Sword""",90,85,90,100,125,90,580,0,0,0,0,3,0,3,3,"""Slow""",1250000,"""No Eggs Discovered""",,80,,
1338,807,"""Zeraora""","""Thunderclap Pokémon""",,,"""Mythical""",1.5,44.5,"""Electric""",,"""Volt Absorb""","""Restores HP if hit by an Electric-type move instead of taking damage.""",,,,,,,0.0,0.0,0,"""Ultra Sun""",88,112,75,102,80,143,600,0,0,0,0,0,3,3,3,"""Slow""",1250000,"""No Eggs Discovered""",,120,,
1017,641,"""Tornadus""","""Cyclone Pokémon""",,,"""Sub-Legendary""",1.5,63.0,"""Flying""",,"""Prankster""","""Gives priority to a status move.""",,,"""Defiant""","""Boosts the Pokémon's Attack stat sharply when its stats are lowered.""",,,100.0,0.0,90,"""Black""",79,115,70,125,80,111,580,0,3,0,0,0,0,3,3,"""Slow""",1250000,"""No Eggs Discovered""",,120,,
716,471,"""Glaceon""","""Fresh Snow Pokémon""",,,,0.8,25.9,"""Ice""",,"""Snow Cloak""","""Boosts evasiveness in a hailstorm.""",,,"""Ice Body""","""The Pokémon gradually regains HP in a snowstorm.""",,,87.5,12.5,35,"""Diamond""",65,60,110,130,95,65,525,0,0,0,2,0,0,2,45,"""Medium Fast""",1000000,"""Field""",,35,228.0,"""Ice Stone"""
1619,571,"""Zoroark""","""Baneful Fox Pokémon""","""Hisui""",940.0,,1.6,73.0,"""Normal""","""Ghost""","""Illusion""","""Comes out disguised as the Pokémon in the party's last spot.""",,,,,,,87.5,12.5,50,"""Legends Arceus""",60,105,60,120,60,105,510,0,0,0,2,0,0,2,115,"""Medium Slow""",1059860,"""Field""",,20,1617.0,"""Level 30"""
636,438,"""Bonsly""","""Bonsai Pokémon""",,,,0.5,15.0,"""Rock""",,"""Sturdy""","""It cannot be knocked out with one hit. One-hit KO moves cannot knock it out, either.""","""Rock Head""","""Protects the Pokémon from recoil damage.""","""Rattled""","""Dark-, Ghost-, and Bug-type moves scare the Pokémon and boost its Speed stat.""",,,50.0,50.0,50,"""Diamond""",50,80,95,10,45,10,290,0,0,1,0,0,0,1,255,"""Medium Fast""",1000000,"""No Eggs Discovered""",,20,,
439,311,"""Plusle""","""Cheering Pokémon""",,,,0.4,4.2,"""Electric""",,"""Plus""","""Boosts the Sp. Atk stat of the Pokémon if an ally with the Plus or Minus Ability is also in battle.""",,,"""Lightning Rod""","""The Pokémon draws in all Electric-type moves. Instead of being hit by Electric-type moves, it boosts its Sp. Atk.""",,,50.0,50.0,50,"""Ruby""",60,50,40,85,75,95,405,0,0,0,0,0,1,1,200,"""Medium Fast""",1000000,"""Fairy""",,20,,
1688,952,"""Scovillain""","""Spicy Pepper Pokémon""",,,,0.9,15.0,"""Grass""","""Fire""","""Chlorophyll""","""Boosts the Pokémon's Speed stat in harsh sunlight.""","""Insomnia""","""The Pokémon is suffering from insomnia and cannot fall asleep.""","""Moody""","""Raises one stat sharply and lowers another every turn.""",,,50.0,50.0,50,"""Scarlet""",65,108,65,108,65,75,486,0,2,0,0,0,0,2,50,"""Medium Fast""",1000000,"""Grass""",,20,1687.0,"""Fire Stone"""
90,26,"""Raichu""","""Mouse Pokémon""",,,,0.8,30.0,"""Electric""",,"""Static""","""The Pokémon is charged with static electricity, so contact with it may cause paralysis.""",,,"""Lightning Rod""","""The Pokémon draws in all Electric-type moves. Instead of being hit by Electric-type moves, it boosts its Sp. Atk.""",,,50.0,50.0,50,"""Red""",60,90,55,90,80,110,485,0,0,0,0,0,3,3,75,"""Medium Fast""",1000000,"""Field""","""Fairy""",10,89.0,"""Thunder Stone in Kanto (LGPE) or Ultra Space (USUM)"""
101,53,"""Persian""","""Classy Cat Pokémon""","""Alola""",100.0,,1.1,33.0,"""Dark""",,"""Fur Coat""","""Halves the damage from physical moves.""","""Technician""","""Powers up the Pokémon's weaker moves.""","""Rattled""","""Dark-, Ghost-, and Bug-type moves scare the Pokémon and boost its Speed stat.""",,,50.0,50.0,50,"""Sun""",65,60,60,75,65,115,440,0,0,0,0,0,2,2,90,"""Medium Fast""",1000000,"""Field""",,20,97.0,
469,341,"""Corphish""","""Ruffian Pokémon""",,,,0.6,11.5,"""Water""",,"""Hyper Cutter""","""The Pokémon's proud of its powerful pincers. They prevent other Pokémon from lowering its Attack stat.""","""Shell Armor""","""A hard shell protects the Pokémon from critical hits.""","""Adaptability""","""Powers up moves of the same type as the Pokémon.""",,,50.0,50.0,50,"""Ruby""",43,80,65,50,35,35,308,0,1,0,0,0,0,1,205,"""Fluctuating""",1640000,"""Water 1""","""Water 3""",15,,
227,131,"""Lapras""","""Transport Pokémon""",,,,2.5,220.0,"""Water""","""Ice""","""Water Absorb""","""Restores HP if hit by a Water-type move instead of taking damage.""","""Shell Armor""","""A hard shell protects the Pokémon from critical hits.""","""Hydration""","""Heals status conditions if it's raining.""",,,50.0,50.0,50,"""Red""",130,85,80,85,95,60,535,2,0,0,0,0,0,2,45,"""Slow""",1250000,"""Monster""","""Water 1""",40,,
326,202,"""Wobbuffet""","""Patient Pokémon""",,,,1.3,28.5,"""Psychic""",,"""Shadow Tag""","""This Pokémon steps on the opposing Pokémon's shadow to prevent it from escaping.""",,,"""Telepathy""","""Anticipates an ally's attack and dodges it.""",,,50.0,50.0,50,"""Gold""",190,33,58,33,58,33,405,2,0,0,0,0,0,2,45,"""Medium Fast""",1000000,"""Amorphous""",,20,488.0,"""Level 15"""
97,52,"""Meowth""","""Scratch Cat Pokémon""","""Alola""",96.0,,0.4,4.2,"""Dark""",,"""Pickup""","""The Pokémon may pick up the item an opposing Pokémon used during a battle. It may pick up items outside of battle, too.""","""Technician""","""Powers up the Pokémon's weaker moves.""","""Rattled""","""Dark-, Ghost-, and Bug-type moves scare the Pokémon and boost its Speed stat.""",,,50.0,50.0,50,"""Sun""",40,35,35,50,40,90,290,0,0,0,0,0,1,1,255,"""Medium Fast""",1000000,"""Field""",,20,,
1598,894,"""Regieleki""","""Electron Pokémon""",,,"""Sub-Legendary""",1.2,145.0,"""Electric""",,"""Transistor""","""Powers up Electric-type moves.""",,,,,,,0.0,0.0,35,"""Sword""",80,100,50,100,50,200,580,0,0,0,0,0,3,3,3,"""Slow""",1250000,"""No Eggs Discovered""",,120,,
262,170,"""Chinchou""","""Angler Pokémon""",,,,0.5,12.0,"""Water""","""Electric""","""Volt Absorb""","""Restores HP if hit by an Electric-type move instead of taking damage.""","""Illuminate""","""Raises the likelihood of meeting wild Pokémon by illuminating the surroundings.""","""Water Absorb""","""Restores HP if hit by a Water-type move instead of taking damage.""",,,50.0,50.0,50,"""Gold""",75,38,38,56,56,67,330,1,0,0,0,0,0,1,190,"""Slow""",1250000,"""Water 2""",,20,,
451,323,"""Camerupt""","""Eruption Pokémon""",,,,1.9,220.0,"""Fire""","""Ground""","""Magma Armor""","""The Pokémon is covered with hot magma, which prevents the Pokémon from becoming frozen.""","""Solid Rock""","""Reduces the power of supereffective attacks taken.""","""Anger Point""","""The Pokémon is angered when it takes a critical hit, and that maxes its Attack stat.""",,,50.0,50.0,50,"""Ruby""",70,100,70,105,75,40,460,0,1,0,1,0,0,2,150,"""Medium Fast""",1000000,"""Field""",,20,450.0,"""Level 33"""
139,105,"""Marowak""","""Bone Keeper Pokémon""",,,,1.0,45.0,"""Ground""",,"""Rock Head""","""Protects the Pokémon from recoil damage.""","""Lightning Rod""","""The Pokémon draws in all Electric-type moves. Instead of being hit by Electric-type moves, it boosts its Sp. Atk.""","""Battle Armor""","""Hard armor protects the Pokémon from critical hits.""",,,50.0,50.0,50,"""Red""",60,80,110,50,80,45,425,0,0,2,0,0,0,2,75,"""Medium Fast""",1000000,"""Monster""",,20,138.0,"""Level 28"""
1261,736,"""Grubbin""","""Larva Pokémon""",,,,0.4,4.4,"""Bug""",,"""Swarm""","""Powers up Bug-type moves when the Pokémon's HP is low.""",,,,,,,50.0,50.0,50,"""Sun""",47,62,45,55,45,46,300,0,1,0,0,0,0,1,255,"""Medium Fast""",1000000,"""Bug""",,15,,
1401,487,"""Giratina""","""Renegade Pokémon""","""Origin""",737.0,"""Legendary""",6.9,650.0,"""Ghost""","""Dragon""","""Levitate""","""By floating in the air, the Pokémon receives full immunity to all Ground-type moves.""",,,,,,,0.0,0.0,0,"""Platinum""",150,120,100,120,100,90,680,3,0,0,0,0,0,3,3,"""Slow""",1250000,"""No Eggs Discovered""",,120,,
1696,929,"""Dolliv""","""Olive Pokémon""",,,,0.6,11.9,"""Grass""","""Normal""","""Early Bird""","""The Pokémon awakens from sleep twice as fast as other Pokémon.""",,,"""Harvest""","""May create another Berry after one is used.""",,,50.0,50.0,50,"""Scarlet""",52,53,60,78,78,33,354,0,0,0,2,0,0,2,120,"""Medium Slow""",1059860,"""Grass""",,20,1651.0,"""Level 25"""
20,403,"""Shinx""","""Flash Pokémon""",,,,0.5,9.5,"""Electric""",,"""Rivalry""","""Becomes competitive and deals more damage to Pokémon of the same gender, but deals less to Pokémon of the opposite gender.""","""Intimidate""","""The Pokémon intimidates opposing Pokémon upon entering battle, lowering their Attack stat.""","""Guts""","""It's so gutsy that having a status condition boosts the Pokémon's Attack stat.""",,,50.0,50.0,50,"""Diamond""",45,65,34,40,34,45,263,0,1,0,0,0,0,1,235,"""Medium Slow""",1059860,"""Field""",,20,,
90,26,"""Raichu""","""Mouse Pokémon""",,,,0.8,30.0,"""Electric""",,"""Static""","""The Pokémon is charged with static electricity, so contact with it may cause paralysis.""",,,"""Lightning Rod""","""The Pokémon draws in all Electric-type moves. Instead of being hit by Electric-type moves, it boosts its Sp. Atk.""",,,50.0,50.0,50,"""Red""",60,90,55,90,80,110,485,0,0,0,0,0,3,3,75,"""Medium Fast""",1000000,"""Field""","""Fairy""",10,89.0,"""Thunder Stone"""
919,565,"""Carracosta""","""Prototurtle Pokémon""",,,,1.2,81.0,"""Water""","""Rock""","""Solid Rock""","""Reduces the power of supereffective attacks taken.""","""Sturdy""","""It cannot be knocked out with one hit. One-hit KO moves cannot knock it out, either.""","""Swift Swim""","""Boosts the Pokémon's Speed stat in rain.""",,,87.5,12.5,50,"""Black""",74,108,133,83,65,32,495,0,0,2,0,0,0,2,45,"""Medium Fast""",1000000,"""Water 1""","""Water 3""",30,918.0,"""Level 37"""
1328,798,"""Kartana""","""Drawn Sword Pokémon""",,,"""Sub-Legendary""",0.3,0.1,"""Grass""","""Steel""","""Beast Boost""","""The Pokémon boosts its most proficient stat each time it knocks out a Pokémon.""",,,,,,,0.0,0.0,0,"""Sun""",59,181,131,59,31,109,570,0,3,0,0,0,0,3,45,"""Slow""",1250000,"""No Eggs Discovered""",,120,,
1364,77,"""Ponyta""","""Unique Horn Pokémon""","""Galar""",1297.0,,0.8,24.0,"""Psychic""",,"""Run Away""","""Enables a sure getaway from wild Pokémon.""","""Pastel Veil""","""Protects the Pokémon and its ally Pokémon from being poisoned.""","""Anticipation""","""The Pokémon can sense an opposing Pokémon's dangerous moves.""",,,50.0,50.0,50,"""Sword""",50,85,55,65,65,90,410,0,0,0,0,0,1,1,190,"""Medium Fast""",1000000,"""Field""",,20,,
1252,728,"""Popplio""","""Sea Lion Pokémon""",,,,0.4,7.5,"""Water""",,"""Torrent""","""Powers up Water-type moves when the Pokémon's HP is low.""",,,"""Liquid Voice""","""All sound-based moves become Water-type moves.""",,,87.5,12.5,50,"""Sun""",50,54,54,66,56,40,320,0,0,0,1,0,0,1,45,"""Medium Slow""",1059860,"""Water 1""","""Field""",15,,
593,389,"""Torterra""","""Continent Pokémon""",,,,2.2,310.0,"""Grass""","""Ground""","""Overgrow""","""Powers up Grass-type moves when the Pokémon's HP is low.""",,,"""Shell Armor""","""A hard shell protects the Pokémon from critical hits.""",,,87.5,12.5,50,"""Diamond""",95,109,105,75,85,56,525,0,2,1,0,0,0,3,45,"""Medium Slow""",1059860,"""Monster""","""Grass""",20,592.0,"""Level 32"""
1697,930,"""Arboliva""","""Olive Pokémon""",,,,1.4,48.2,"""Grass""","""Normal""","""Seed Sower""","""Turns the ground into Grassy Terrain when the Pokémon is hit by an attack.""",,,"""Harvest""","""May create another Berry after one is used.""",,,50.0,50.0,50,"""Scarlet""",78,69,90,125,109,39,510,0,0,0,3,0,0,3,45,"""Medium Slow""",1059860,"""Grass""",,20,1696.0,"""Level 35"""
1627,724,"""Decidueye""","""Arrow Quill Pokémon""","""Hisui""",1248.0,,1.6,37.0,"""Grass""","""Fighting""","""Overgrow""","""Powers up Grass-type moves when the Pokémon's HP is low.""",,,"""Scrappy""","""The Pokémon can hit Ghost-type Pokémon with Normal- and Fighting-type moves.""",,,87.5,12.5,50,"""Legends Arceus""",88,112,80,95,95,60,530,0,3,0,0,0,0,3,55,"""Medium Slow""",1059860,"""Flying""",,15,1247.0,
1386,145,"""Zapdos""","""Strong Legs Pokémon""","""Galar""",240.0,"""Sub-Legendary""",1.6,58.2,"""Fighting""","""Flying""","""Defiant""","""Boosts the Pokémon's Attack stat sharply when its stats are lowered.""",,,,,,,0.0,0.0,35,"""Sword""",90,125,90,85,90,100,580,0,3,0,0,0,0,3,3,"""Slow""",1250000,"""No Eggs Discovered""",,80,,
1246,722,"""Rowlet""","""Grass Quill Pokémon""",,,,0.3,1.5,"""Grass""","""Flying""","""Overgrow""","""Powers up Grass-type moves when the Pokémon's HP is low.""",,,"""Long Reach""","""The Pokémon uses its moves without making contact with the target.""",,,87.5,12.5,50,"""Sun""",68,55,55,50,50,40,318,1,0,0,0,0,0,1,45,"""Medium Slow""",1059860,"""Flying""",,15,,
27,15,"""Beedrill""","""Poison Bee Pokémon""",,,,1.0,29.5,"""Bug""","""Poison""","""Swarm""","""Powers up Bug-type moves when the Pokémon's HP is low.""",,,"""Sniper""","""Powers up moves if they become critical hits when attacking.""",,,50.0,50.0,50,"""Red""",65,90,40,45,80,75,395,0,2,0,0,1,0,3,45,"""Medium Fast""",1000000,"""Bug""",,15,30.0,"""Level 10"""
1,1,"""Bulbasaur""","""Seed Pokémon""",,,,0.7,6.9,"""Grass""","""Poison""","""Overgrow""","""Powers up Grass-type moves when the Pokémon's HP is low.""",,,"""Chlorophyll""","""Boosts the Pokémon's Speed stat in harsh sunlight.""",,,87.5,12.5,50,"""Red""",45,49,49,65,65,45,318,0,0,0,1,0,0,1,45,"""Medium Slow""",1059860,"""Monster""","""Grass""",20,,
380,252,"""Treecko""","""Wood Gecko Pokémon""",,,,0.5,5.0,"""Grass""",,"""Overgrow""","""Powers up Grass-type moves when the Pokémon's HP is low.""",,,"""Unburden""","""Boosts the Speed stat if the Pokémon's held item is used or lost.""",,,87.5,12.5,50,"""Ruby""",40,45,35,65,55,70,310,0,0,0,0,0,1,1,45,"""Medium Slow""",1059860,"""Monster""","""Dragon""",20,,
917,563,"""Cofagrigus""","""Coffin Pokémon""",,,,1.7,76.5,"""Ghost""",,"""Mummy""","""Contact with the Pokémon changes the attacker's Ability to Mummy.""",,,,,,,50.0,50.0,50,"""Black""",58,50,145,95,105,30,483,0,0,2,0,0,0,2,90,"""Medium Fast""",1000000,"""Mineral""","""Amorphous""",25,916.0,"""Level 34"""
1514,855,"""Polteageist""","""Black Tea Pokémon""",,,,0.2,0.4,"""Ghost""",,"""Weak Armor""","""Physical attacks to the Pokémon lower its Defense stat but sharply raise its Speed stat.""",,,"""Cursed Body""","""May disable a move used on the Pokémon.""",,,0.0,0.0,50,"""Sword""",60,65,65,134,114,70,508,0,0,0,2,0,0,2,60,"""Medium Fast""",1000000,"""Mineral""","""Amorphous""",20,1513.0,"""Cracked Pot"""
36,489,"""Phione""","""Sea Drifter Pokémon""",,,"""Mythical""",0.4,3.1,"""Water""",,"""Hydration""","""Heals status conditions if it's raining.""",,,,,,,0.0,0.0,50,"""Diamond""",80,80,80,80,80,80,480,1,0,0,0,0,0,1,30,"""Slow""",1250000,"""Water 1""","""Fairy""",40,,
1532,869,"""Alcremie""","""Cream Pokémon""","""Ruby Cream""",1484.0,,0.3,0.5,"""Fairy""",,"""Sweet Veil""","""Prevents itself and ally Pokémon from falling asleep.""",,,"""Aroma Veil""","""Protects itself and its allies from attacks that limit their move choices.""",,,0.0,100.0,50,"""Sword""",65,60,75,110,121,64,495,0,0,0,0,2,0,2,100,"""Medium Fast""",1000000,"""Fairy""","""Amorphous""",20,1483.0,"""Spin Counterclockwise Less Than 5 Seconds During The Day"""
1374,105,"""Marowak""","""Bone Keeper Pokémon""","""Alola""",139.0,,1.0,34.0,"""Ghost""","""Fire""","""Cursed Body""","""May disable a move used on the Pokémon.""","""Lightning Rod""","""The Pokémon draws in all Electric-type moves. Instead of being hit by Electric-type moves, it boosts its Sp. Atk.""","""Rock Head""","""Protects the Pokémon from recoil damage.""",,,50.0,50.0,50,"""Sun""",60,80,110,50,80,45,425,0,0,2,0,0,0,2,75,"""Medium Fast""",1000000,"""Monster""",,20,138.0,"""Level 28 At Night in Alola"""
1831,666,"""Vivillon""","""Scale Pokémon""","""Jungle Pattern""",1083.0,,1.2,17.0,"""Bug""","""Flying""","""Sap Sipper""","""Boosts the Attack stat if hit by a Grass-type move instead of taking damage.""","""Compound Eyes""","""The Pokémon's compound eyes boost its accuracy.""","""Friend Guard""","""Reduces damage done to allies.""",,,50.0,50.0,70,"""X""",80,52,50,90,50,89,411,1,0,0,1,0,1,3,45,"""Medium Fast""",1000000,"""Bug""",,15,1082.0,"""Level 12"""
1296,769,"""Sandygast""","""Sand Heap Pokémon""",,,,0.5,70.0,"""Ghost""","""Ground""","""Water Compaction""","""Boosts the Pokémon's Defense stat sharply when hit by a Water-type move.""",,,"""Sand Veil""","""Boosts the Pokémon's evasiveness in a sandstorm.""",,,50.0,50.0,50,"""Sun""",55,55,80,70,45,15,320,0,0,1,0,0,0,1,140,"""Medium Fast""",1000000,"""Amorphous""",,15,,
360,236,"""Tyrogue""","""Scuffle Pokémon""",,,,0.7,21.0,"""Fighting""",,"""Guts""","""It's so gutsy that having a status condition boosts the Pokémon's Attack stat.""","""Steadfast""","""The Pokémon's determination boosts the Speed stat each time the Pokémon flinches.""","""Vital Spirit""","""The Pokémon is full of vitality, and that prevents it from falling asleep.""",,,100.0,0.0,50,"""Gold""",35,35,35,35,35,35,210,0,1,0,0,0,0,1,75,"""Medium Fast""",1000000,"""No Eggs Discovered""",,25,,
962,591,"""Amoonguss""","""Mushroom Pokémon""",,,,0.6,10.5,"""Grass""","""Poison""","""Effect Spore""","""Contact with the Pokémon may inflict poison, sleep, or paralysis on its attacker.""",,,"""Regenerator""","""Restores a little HP when withdrawn from battle.""",,,50.0,50.0,50,"""Black""",114,85,70,85,80,30,464,2,0,0,0,0,0,2,75,"""Medium Fast""",1000000,"""Grass""",,20,961.0,"""Level 39"""
417,289,"""Slaking""","""Lazy Pokémon""",,,,2.0,130.5,"""Normal""",,"""Truant""","""The Pokémon can't use a move if it had used a move on the previous turn.""",,,,,,,50.0,50.0,50,"""Ruby""",150,160,100,95,65,100,670,3,0,0,0,0,0,3,45,"""Slow""",1250000,"""Field""",,15,416.0,"""Level 36"""
1394,181,"""Ampharos""","""Light Pokémon""","""Mega""",280.0,,1.4,61.5,"""Electric""","""Dragon""","""Mold Breaker""","""Moves can be used on the target regardless of its Abilities.""",,,,,,,50.0,50.0,70,"""X""",90,95,105,165,110,45,610,0,0,0,3,0,0,3,45,"""Medium Slow""",1059860,"""Monster""","""Field""",20,,
619,421,"""Cherrim""","""Blossom Pokémon""",,,,0.5,9.3,"""Grass""",,"""Flower Gift""","""Boosts the Attack and Sp. Def stats of itself and allies in harsh sunlight.""",,,,,,,50.0,50.0,50,"""Diamond""",70,60,70,87,78,85,450,0,0,0,2,0,0,2,75,"""Medium Fast""",1000000,"""Fairy""","""Grass""",20,618.0,"""Level 25"""
71,49,"""Venomoth""","""Poison Moth Pokémon""",,,,1.5,12.5,"""Bug""","""Poison""","""Shield Dust""","""This Pokémon's dust blocks the additional effects of attacks taken.""","""Tinted Lens""","""The Pokémon can use """"not very effective"""" moves to deal regular damage.""","""Wonder Skin""","""Makes status moves more likely to miss.""",,,50.0,50.0,50,"""Red""",70,65,60,90,75,90,450,0,0,0,1,0,1,2,75,"""Medium Fast""",1000000,"""Bug""",,20,70.0,"""Level 31"""
1502,841,"""Flapple""","""Apple Wing Pokémon""",,,,0.3,1.0,"""Grass""","""Dragon""","""Ripen""","""Ripens Berries and doubles their effect.""","""Gluttony""","""Makes the Pokémon eat a held Berry when its HP drops to half or less, which is sooner than usual.""","""Hustle""","""Boosts the Attack stat, but lowers accuracy.""",,,50.0,50.0,50,"""Sword""",70,110,80,95,60,70,485,0,2,0,0,0,0,2,45,"""Erratic""",600000,"""Grass""","""Dragon""",20,1501.0,"""Tart Apple"""
1723,996,"""Frigibax""","""Ice Fin Pokémon""",,,,0.5,17.0,"""Dragon""","""Ice""","""Thermal Exchange""","""Boosts the Attack stat when the Pokémon is hit by a Fire-type move. The Pokémon also cannot be burned.""",,,"""Ice Body""","""The Pokémon gradually regains HP in a snowstorm.""",,,50.0,50.0,50,"""Scarlet""",65,75,45,35,45,55,320,0,1,0,0,0,0,1,45,"""Slow""",1250000,"""Dragon""","""Mineral""",40,,
1358,99,"""Kingler""","""Pincer Pokémon""",,,,1.3,60.0,"""Water""",,"""Hyper Cutter""","""The Pokémon's proud of its powerful pincers. They prevent other Pokémon from lowering its Attack stat.""","""Shell Armor""","""A hard shell protects the Pokémon from critical hits.""","""Sheer Force""","""Removes additional effects to increase the power of moves when attacking.""",,,50.0,50.0,50,"""Red""",55,130,115,50,50,75,475,0,2,0,0,0,0,2,60,"""Medium Fast""",1000000,"""Water 3""",,20,1357.0,"""Level 28"""
1263,738,"""Vikavolt""","""Stag Beetle Pokémon""",,,,1.5,45.0,"""Bug""","""Electric""","""Levitate""","""By floating in the air, the Pokémon receives full immunity to all Ground-type moves.""",,,,,,,50.0,50.0,50,"""Sun""",77,70,90,145,75,43,500,0,0,0,3,0,0,3,45,"""Medium Fast""",1000000,"""Bug""",,15,1262.0,"""Thunder Stone"""
1826,666,"""Vivillon""","""Scale Pokémon""","""River Pattern""",1083.0,,1.2,17.0,"""Bug""","""Flying""","""Sap Sipper""","""Boosts the Attack stat if hit by a Grass-type move instead of taking damage.""","""Compound Eyes""","""The Pokémon's compound eyes boost its accuracy.""","""Friend Guard""","""Reduces damage done to allies.""",,,50.0,50.0,70,"""X""",80,52,50,90,50,89,411,1,0,0,1,0,1,3,45,"""Medium Fast""",1000000,"""Bug""",,15,1082.0,"""Level 12"""
833,499,"""Pignite""","""Fire Pig Pokémon""",,,,1.0,55.5,"""Fire""","""Fighting""","""Blaze""","""Powers up Fire-type moves when the Pokémon's HP is low.""",,,"""Thick Fat""","""The Pokémon is protected by a layer of thick fat, which halves the damage taken from Fire- and Ice-type moves.""",,,87.5,12.5,70,"""Black""",90,93,55,70,55,55,418,0,2,0,0,0,0,2,45,"""Medium Slow""",1059860,"""Field""",,20,832.0,"""Level 17"""
832,498,"""Tepig""","""Fire Pig Pokémon""",,,,0.5,9.9,"""Fire""",,"""Blaze""","""Powers up Fire-type moves when the Pokémon's HP is low.""",,,"""Thick Fat""","""The Pokémon is protected by a layer of thick fat, which halves the damage taken from Fire- and Ice-type moves.""",,,87.5,12.5,70,"""Black""",65,63,45,45,45,45,308,1,0,0,0,0,0,1,45,"""Medium Slow""",1059860,"""Field""",,20,,
735,485,"""Heatran""","""Lava Dome Pokémon""",,,"""Sub-Legendary""",1.7,430.0,"""Fire""","""Steel""","""Flash Fire""","""Powers up the Pokémon's Fire-type moves if it's hit by one.""",,,"""Flame Body""","""Contact with the Pokémon may burn the attacker.""",,,50.0,50.0,100,"""Diamond""",91,90,106,130,106,77,600,0,0,0,3,0,0,3,3,"""Slow""",1250000,"""No Eggs Discovered""",,10,,
398,270,"""Lotad""","""Water Weed Pokémon""",,,,0.5,2.6,"""Water""","""Grass""","""Swift Swim""","""Boosts the Pokémon's Speed stat in rain.""","""Rain Dish""","""The Pokémon gradually regains HP in rain.""","""Own Tempo""","""This Pokémon has its own tempo, and that prevents it from becoming confused.""",,,50.0,50.0,50,"""Ruby""",40,30,30,40,50,30,220,0,0,0,0,1,0,1,255,"""Medium Slow""",1059860,"""Water 1""","""Grass""",15,,
1750,932,"""Nacli""","""Rock Salt Pokémon""",,,,0.4,16.0,"""Rock""",,"""Purifying Salt""","""The Pokémon's pure salt protects it from status conditions and halves the damage taken from Ghost-type moves.""","""Sturdy""","""It cannot be knocked out with one hit. One-hit KO moves cannot knock it out, either.""","""Clear Body""","""Prevents other Pokémon's moves or Abilities from lowering the Pokémon's stats.""",,,50.0,50.0,50,"""Scarlet""",55,55,75,35,35,25,280,0,0,1,0,0,0,1,255,"""Medium Slow""",1059860,"""Mineral""",,20,,
1660,960,"""Wiglett""","""Garden Eel Pokémon""",,,,1.2,1.8,"""Water""",,"""Gooey""","""Contact with the Pokémon lowers the attacker's Speed stat.""","""Rattled""","""Dark-, Ghost-, and Bug-type moves scare the Pokémon and boost its Speed stat.""","""Sand Veil""","""Boosts the Pokémon's evasiveness in a sandstorm.""",,,50.0,50.0,50,"""Scarlet""",10,55,25,35,25,95,245,0,0,0,0,0,1,1,255,"""Medium Fast""",1000000,"""Water 3""",,20,,
639,441,"""Chatot""","""Music Note Pokémon""",,,,0.5,1.9,"""Normal""","""Flying""","""Keen Eye""","""Keen eyes prevent other Pokémon from lowering this Pokémon's accuracy.""","""Tangled Feet""","""Raises evasiveness if the Pokémon is confused.""","""Big Pecks""","""Protects the Pokémon from Defense-lowering effects.""",,,50.0,50.0,35,"""Diamond""",76,65,45,92,42,91,411,0,1,0,0,0,0,1,30,"""Medium Slow""",1059860,"""Flying""",,20,,
1597,893,"""Zarude""","""Rogue Monkey Pokémon""",,,"""Mythical""",1.8,70.0,"""Dark""","""Grass""","""Leaf Guard""","""Prevents status conditions in harsh sunlight.""",,,,,,,0.0,0.0,0,"""Sword""",105,120,105,70,95,105,600,0,3,0,0,0,0,3,3,"""Slow""",1250000,"""No Eggs Discovered""",,120,,
330,206,"""Dunsparce""","""Land Snake Pokémon""",,,,1.5,14.0,"""Normal""",,"""Serene Grace""","""Boosts the likelihood of additional effects occurring when attacking.""","""Run Away""","""Enables a sure getaway from wild Pokémon.""","""Rattled""","""Dark-, Ghost-, and Bug-type moves scare the Pokémon and boost its Speed stat.""",,,50.0,50.0,50,"""Gold""",100,70,70,65,65,45,415,1,0,0,0,0,0,1,190,"""Medium Fast""",1000000,"""Field""",,20,,
626,428,"""Lopunny""","""Rabbit Pokémon""",,,,1.2,33.3,"""Normal""",,"""Cute Charm""","""Contact with the Pokémon may cause infatuation.""","""Klutz""","""The Pokémon can't use any held items.""","""Limber""","""Its limber body protects the Pokémon from paralysis.""",,,50.0,50.0,140,"""Diamond""",65,76,84,54,96,105,480,0,0,0,0,0,2,2,60,"""Medium Fast""",1000000,"""Field""","""Human-Like""",20,625.0,
1092,674,"""Pancham""","""Playful Pokémon""",,,,0.6,8.0,"""Fighting""",,"""Iron Fist""","""Powers up punching moves.""","""Mold Breaker""","""Moves can be used on the target regardless of its Abilities.""","""Scrappy""","""The Pokémon can hit Ghost-type Pokémon with Normal- and Fighting-type moves.""",,,50.0,50.0,50,"""X""",67,82,62,46,48,43,348,0,1,0,0,0,0,1,220,"""Medium Fast""",1000000,"""Field""","""Human-Like""",25,,
1741,988,"""Slither Wing""","""Paradox Pokémon""",,,,3.2,92.0,"""Bug""","""Fighting""","""Protosynthesis""","""Boosts the Pokémon's most proficient stat in harsh sunlight or if the Pokémon is holding Booster Energy.""",,,,,,,0.0,0.0,0,"""Scarlet""",85,135,79,85,105,81,570,0,3,0,0,0,0,3,30,"""Slow""",1250000,"""No Eggs Discovered""",,50,,
1567,351,"""Castform""","""Weather Pokémon""","""Snowy""",479.0,,0.3,0.8,"""Ice""",,"""Forecast""","""The Pokémon transforms with the weather to change its type to Water, Fire, or Ice.""",,,,,,,50.0,50.0,50,"""Ruby""",70,70,70,70,70,70,420,1,0,0,0,0,0,1,45,"""Medium Fast""",1000000,"""Fairy""","""Amorphous""",25,,
1625,211,"""Qwilfish""","""Balloon Pokémon""","""Hisui""",335.0,,0.5,3.9,"""Dark""","""Poison""","""Poison Point""","""Contact with the Pokémon may poison the attacker.""","""Swift Swim""","""Boosts the Pokémon's Speed stat in rain.""","""Intimidate""","""The Pokémon intimidates opposing Pokémon upon entering battle, lowering their Attack stat.""",,,50.0,50.0,50,"""Legends Arceus""",65,95,85,55,55,85,440,0,1,0,0,0,0,1,235,"""Medium Fast""",1000000,"""Water 2""",,20,,
1518,859,"""Impidimp""","""Wily Pokémon""",,,,0.4,5.5,"""Dark""","""Fairy""","""Prankster""","""Gives priority to a status move.""","""Frisk""","""When it enters a battle, the Pokémon can check an opposing Pokémon's held item.""","""Pickpocket""","""Steals an item from an attacker that made direct contact.""",,,100.0,0.0,50,"""Sword""",45,45,30,55,40,50,265,0,0,0,1,0,0,1,255,"""Medium Fast""",1000000,"""Fairy""","""Human-Like""",20,,
957,587,"""Emolga""","""Sky Squirrel Pokémon""",,,,0.4,5.0,"""Electric""","""Flying""","""Static""","""The Pokémon is charged with static electricity, so contact with it may cause paralysis.""",,,"""Motor Drive""","""Boosts its Speed stat if hit by an Electric-type move instead of taking damage.""",,,50.0,50.0,50,"""Black""",55,75,60,75,60,103,428,0,0,0,0,0,2,2,200,"""Medium Fast""",1000000,"""Field""",,20,,
1384,212,"""Scizor""","""Pincer Pokémon""","""Mega""",336.0,,2.0,125.0,"""Bug""","""Steel""","""Technician""","""Powers up the Pokémon's weaker moves.""",,,,,,,50.0,50.0,70,"""X""",70,150,140,65,100,75,600,0,2,0,0,0,0,2,25,"""Medium Fast""",1000000,"""Bug""",,25,,
1585,376,"""Metagross""","""Iron Leg Pokémon""","""Mega""",504.0,,2.5,942.9,"""Steel""","""Psychic""","""Tough Claws""","""Powers up moves that make direct contact.""",,,,,,,0.0,0.0,35,"""Omega Ruby""",80,145,150,105,110,110,700,0,0,3,0,0,0,3,3,"""Slow""",1250000,"""Mineral""",,40,,
142,108,"""Lickitung""","""Licking Pokémon""",,,,1.2,65.5,"""Normal""",,"""Own Tempo""","""This Pokémon has its own tempo, and that prevents it from becoming confused.""","""Oblivious""","""The Pokémon is oblivious, and that keeps it from being infatuated or falling for taunts.""","""Cloud Nine""","""Eliminates the effects of weather.""",,,50.0,50.0,50,"""Red""",90,55,75,60,75,30,385,2,0,0,0,0,0,2,45,"""Medium Fast""",1000000,"""Monster""",,20,,
1774,669,"""Flabébé""","""Single Bloom Pokémon""","""Blue Flower""",1086.0,,0.1,0.1,"""Fairy""",,"""Flower Veil""","""Ally Grass-type Pokémon are protected from status conditions and the lowering of their stats.""",,,"""Symbiosis""","""The Pokémon passes its item to an ally that has used up an item.""",,,0.0,100.0,50,"""X""",44,38,39,61,79,42,303,0,0,0,0,1,0,1,225,"""Medium Fast""",1000000,"""Fairy""",,20,,
1876,901,"""Ursaluna""","""Peat Pokémon""","""Bloodmoon""",1621.0,,2.4,290.0,"""Ground""","""Normal""","""Mind's Eye""","""The Pokémon ignores changes to opponents' evasiveness, its accuracy can't be lowered, and it can hit Ghost types with Normal- and Fighting-type moves.""",,,,,,,50.0,50.0,0,"""Scarlet""",113,70,120,135,65,52,555,0,0,0,3,0,0,3,20,"""Medium Fast""",1000000,"""Field""",,20,,
1556,555,"""Darmanitan""","""Zen Charm Pokémon""","""Galar Zen""",890.0,,1.7,120.0,"""Ice""","""Fire""","""Zen Mode""","""Changes the Pokémon's shape when HP is half or less.""",,,,,,,50.0,50.0,50,"""Sword""",105,160,55,30,55,135,540,0,0,0,2,0,0,2,60,"""Medium Slow""",1059860,"""Field""",,20,,
1329,799,"""Guzzlord""","""Junkivore Pokémon""",,,"""Sub-Legendary""",5.5,888.0,"""Dark""","""Dragon""","""Beast Boost""","""The Pokémon boosts its most proficient stat each time it knocks out a Pokémon.""",,,,,,,0.0,0.0,0,"""Sun""",223,101,53,97,53,43,570,3,0,0,0,0,0,3,45,"""Slow""",1250000,"""No Eggs Discovered""",,120,,
461,333,"""Swablu""","""Cotton Bird Pokémon""",,,,0.4,1.2,"""Normal""","""Flying""","""Natural Cure""","""All status conditions heal when the Pokémon switches out.""",,,"""Cloud Nine""","""Eliminates the effects of weather.""",,,50.0,50.0,50,"""Ruby""",45,40,60,40,75,50,310,0,0,0,0,1,0,1,255,"""Erratic""",600000,"""Flying""","""Dragon""",20,,
386,258,"""Mudkip""","""Mud Fish Pokémon""",,,,0.4,7.6,"""Water""",,"""Torrent""","""Powers up Water-type moves when the Pokémon's HP is low.""",,,"""Damp""","""Prevents the use of explosive moves, such as Self-Destruct, by dampening its surroundings.""",,,87.5,12.5,50,"""Ruby""",50,70,50,50,50,40,310,0,1,0,0,0,0,1,45,"""Medium Slow""",1059860,"""Monster""","""Water 1""",20,,
1139,71,"""Victreebel""","""Flycatcher Pokémon""",,,,1.7,15.5,"""Grass""","""Poison""","""Chlorophyll""","""Boosts the Pokémon's Speed stat in harsh sunlight.""",,,"""Gluttony""","""Makes the Pokémon eat a held Berry when its HP drops to half or less, which is sooner than usual.""",,,50.0,50.0,50,"""Red""",80,105,65,100,70,70,490,0,3,0,0,0,0,3,45,"""Medium Slow""",1059860,"""Grass""",,20,1128.0,"""Leaf Stone"""
1656,945,"""Grafaiai""","""Toxic Monkey Pokémon""",,,,0.7,27.2,"""Poison""","""Normal""","""Unburden""","""Boosts the Speed stat if the Pokémon's held item is used or lost.""","""Poison Touch""","""May poison a target when the Pokémon makes contact.""","""Prankster""","""Gives priority to a status move.""",,,50.0,50.0,50,"""Scarlet""",63,95,65,80,72,110,485,0,0,0,0,0,2,2,90,"""Medium Slow""",1059860,"""Field""",,20,1708.0,"""Level 28"""
1130,701,"""Hawlucha""","""Wrestling Pokémon""",,,,0.8,21.5,"""Fighting""","""Flying""","""Limber""","""Its limber body protects the Pokémon from paralysis.""","""Unburden""","""Boosts the Speed stat if the Pokémon's held item is used or lost.""","""Mold Breaker""","""Moves can be used on the target regardless of its Abilities.""",,,50.0,50.0,50,"""X""",78,92,75,74,63,118,500,0,2,0,0,0,0,2,100,"""Medium Fast""",1000000,"""Flying""","""Human-Like""",20,,
84,21,"""Spearow""","""Tiny Bird Pokémon""",,,,0.3,2.0,"""Normal""","""Flying""","""Keen Eye""","""Keen eyes prevent other Pokémon from lowering this Pokémon's accuracy.""",,,"""Sniper""","""Powers up moves if they become critical hits when attacking.""",,,50.0,50.0,50,"""Red""",40,60,30,31,31,70,262,0,0,0,0,0,1,1,255,"""Medium Fast""",1000000,"""Flying""",,15,,
1009,634,"""Zweilous""","""Hostile Pokémon""",,,,1.4,50.0,"""Dark""","""Dragon""","""Hustle""","""Boosts the Attack stat, but lowers accuracy.""",,,,,,,50.0,50.0,35,"""Black""",72,85,70,65,70,58,420,0,2,0,0,0,0,2,45,"""Slow""",1250000,"""Dragon""",,40,1008.0,"""Level 50"""
487,359,"""Absol""","""Disaster Pokémon""",,,,1.2,47.0,"""Dark""",,"""Pressure""","""By putting pressure on the opposing Pokémon, it raises their PP usage.""","""Super Luck""","""The Pokémon is so lucky that the critical-hit ratios of its moves are boosted.""","""Justified""","""Being hit by a Dark-type move boosts the Attack stat of the Pokémon, for justice.""",,,50.0,50.0,35,"""Ruby""",65,130,60,75,60,75,465,0,2,0,0,0,0,2,30,"""Medium Slow""",1059860,"""Field""",,25,,
651,453,"""Croagunk""","""Toxic Mouth Pokémon""",,,,0.7,23.0,"""Poison""","""Fighting""","""Anticipation""","""The Pokémon can sense an opposing Pokémon's dangerous moves.""","""Dry Skin""","""Restores HP in rain or when hit by Water-type moves. Reduces HP in harsh sunlight, and increases the damage received from Fire-type moves.""","""Poison Touch""","""May poison a target when the Pokémon makes contact.""",,,50.0,50.0,100,"""Diamond""",48,61,40,61,40,50,300,0,1,0,0,0,0,1,140,"""Medium Fast""",1000000,"""Human-Like""",,10,,
733,483,"""Dialga""","""Temporal Pokémon""",,,"""Legendary""",5.4,683.0,"""Steel""","""Dragon""","""Pressure""","""By putting pressure on the opposing Pokémon, it raises their PP usage.""",,,"""Telepathy""","""Anticipates an ally's attack and dodges it.""",,,0.0,0.0,0,"""Diamond""",100,120,120,150,100,90,680,0,0,0,3,0,0,3,3,"""Slow""",1250000,"""No Eggs Discovered""",,120,,
40,892,"""Urshifu""","""Wushu Pokémon""","""Rapid Strike""",39.0,"""Sub-Legendary""",1.9,105.0,"""Fighting""","""Water""","""Unseen Fist""","""The Pokémon can deal damage with moves that make physical contact, even if the target is protected.""",,,,,,,87.5,12.5,0,"""Sword""",100,130,100,63,60,97,550,0,3,0,0,0,0,3,3,"""Slow""",1250000,"""No Eggs Discovered""",,120,38.0,"""Conquer the Tower of Waters in Galar's Isle of Armor"""
1642,906,"""Sprigatito""","""Grass Cat Pokémon""",,,,0.4,4.1,"""Grass""",,"""Overgrow""","""Powers up Grass-type moves when the Pokémon's HP is low.""",,,"""Protean""","""Changes the Pokémon's type to the type of the move it's about to use.""",,,87.5,12.5,50,"""Scarlet""",40,61,54,45,45,65,310,0,0,0,0,0,1,1,45,"""Medium Slow""",1059860,"""Field""","""Grass""",20,,
955,585,"""Deerling""","""Season Pokémon""",,,,0.6,19.5,"""Normal""","""Grass""","""Chlorophyll""","""Boosts the Pokémon's Speed stat in harsh sunlight.""","""Sap Sipper""","""Boosts the Attack stat if hit by a Grass-type move instead of taking damage.""","""Serene Grace""","""Boosts the likelihood of additional effects occurring when attacking.""",,,50.0,50.0,50,"""Black""",60,60,50,40,50,75,335,0,0,0,0,0,1,1,190,"""Medium Fast""",1000000,"""Field""",,20,,
74,50,"""Diglett""","""Mole Pokémon""","""Alola""",72.0,,0.2,1.0,"""Ground""","""Steel""","""Sand Veil""","""Boosts the Pokémon's evasiveness in a sandstorm.""","""Tangling Hair""","""Contact with the Pokémon lowers the attacker's Speed stat.""","""Sand Force""","""Boosts the power of Rock-, Ground-, and Steel-type moves in a sandstorm.""",,,50.0,50.0,50,"""Sun""",10,55,30,35,45,90,265,0,0,0,0,0,1,1,255,"""Medium Fast""",1000000,"""Field""",,20,,
1594,719,"""Diancie""","""Jewel Pokémon""","""Mega""",1149.0,"""Mythical""",1.1,27.8,"""Rock""","""Fairy""","""Magic Bounce""","""Reflects status moves instead of getting hit by them.""",,,,,,,0.0,0.0,70,"""Omega Ruby""",50,160,110,160,110,110,700,0,0,1,0,2,0,3,3,"""Slow""",1250000,"""No Eggs Discovered""",,25,,
1593,428,"""Lopunny""","""Rabbit Pokémon""","""Mega""",626.0,,1.3,28.3,"""Normal""","""Fighting""","""Scrappy""","""The Pokémon can hit Ghost-type Pokémon with Normal- and Fighting-type moves.""",,,,,,,50.0,50.0,140,"""Omega Ruby""",65,136,94,54,96,135,580,0,0,0,0,0,2,2,60,"""Medium Fast""",1000000,"""Field""","""Human-Like""",20,,
1506,845,"""Cramorant""","""Gulp Pokémon""",,,,0.8,18.0,"""Flying""","""Water""","""Gulp Missile""","""When the Pokémon uses Surf or Dive, it will come back with prey. When it takes damage, it will spit out the prey to attack.""",,,,,,,50.0,50.0,50,"""Sword""",70,85,55,85,95,85,475,0,0,0,0,2,0,2,45,"""Medium Fast""",1000000,"""Water 1""","""Flying""",20,,
970,599,"""Klink""","""Gear Pokémon""",,,,0.3,21.0,"""Steel""",,"""Plus""","""Boosts the Sp. Atk stat of the Pokémon if an ally with the Plus or Minus Ability is also in battle.""","""Minus""","""Boosts the Sp. Atk stat of the Pokémon if an ally with the Plus or Minus Ability is also in battle.""","""Clear Body""","""Prevents other Pokémon's moves or Abilities from lowering the Pokémon's stats.""",,,0.0,0.0,50,"""Black""",40,55,70,45,60,30,300,0,0,1,0,0,0,1,130,"""Medium Slow""",1059860,"""Mineral""",,20,,
30,14,"""Kakuna""","""Cocoon Pokémon""",,,,0.6,10.0,"""Bug""","""Poison""","""Shed Skin""","""The Pokémon may heal its own status conditions by shedding its skin.""",,,,,,,50.0,50.0,50,"""Red""",45,25,50,25,25,35,205,0,0,2,0,0,0,2,120,"""Medium Fast""",1000000,"""Bug""",,15,31.0,"""Level 7"""
1319,79,"""Slowpoke""","""Dopey Pokémon""",,,,1.2,36.0,"""Water""","""Psychic""","""Oblivious""","""The Pokémon is oblivious, and that keeps it from being infatuated or falling for taunts.""","""Own Tempo""","""This Pokémon has its own tempo, and that prevents it from becoming confused.""","""Regenerator""","""Restores a little HP when withdrawn from battle.""",,,50.0,50.0,50,"""Red""",90,65,65,40,40,15,315,1,0,0,0,0,0,1,190,"""Medium Fast""",1000000,"""Monster""","""Water 1""",20,,
1390,864,"""Cursola""","""Coral Pokémon""",,,,1.0,0.4,"""Ghost""",,"""Weak Armor""","""Physical attacks to the Pokémon lower its Defense stat but sharply raise its Speed stat.""",,,"""Perish Body""","""When hit by a move that makes direct contact, the Pokémon and the attacker will faint after three turns unless they switch out of battle.""",,,25.0,75.0,50,"""Sword""",60,95,50,145,130,30,510,0,0,0,2,0,0,2,30,"""Fast""",800000,"""Water 1""","""Water 3""",20,1389.0,"""Level 38"""
620,422,"""Shellos""","""Sea Slug Pokémon""",,,,0.3,6.3,"""Water""",,"""Sticky Hold""","""Items held by the Pokémon are stuck fast and cannot be removed by other Pokémon.""","""Storm Drain""","""Draws in all Water-type moves. Instead of being hit by Water-type moves, it boosts its Sp. Atk.""","""Sand Force""","""Boosts the power of Rock-, Ground-, and Steel-type moves in a sandstorm.""",,,50.0,50.0,50,"""Diamond""",76,48,48,57,62,34,325,1,0,0,0,0,0,1,190,"""Medium Fast""",1000000,"""Water 1""","""Amorphous""",20,,
488,360,"""Wynaut""","""Bright Pokémon""",,,,0.6,14.0,"""Psychic""",,"""Shadow Tag""","""This Pokémon steps on the opposing Pokémon's shadow to prevent it from escaping.""",,,"""Telepathy""","""Anticipates an ally's attack and dodges it.""",,,50.0,50.0,50,"""Ruby""",95,23,48,23,48,23,260,1,0,0,0,0,0,1,125,"""Medium Fast""",1000000,"""No Eggs Discovered""",,20,,
218,122,"""Mr. Mime""","""Barrier Pokémon""",,,,1.3,54.5,"""Psychic""","""Fairy""","""Soundproof""","""Soundproofing gives the Pokémon full immunity to all sound-based moves.""","""Filter""","""Reduces the power of supereffective attacks taken.""","""Technician""","""Powers up the Pokémon's weaker moves.""",,,50.0,50.0,50,"""Red""",40,45,65,100,120,90,460,0,0,0,0,2,0,2,45,"""Medium Fast""",1000000,"""Human-Like""",,25,637.0,"""Knowing Mimic"""
834,500,"""Emboar""","""Mega Fire Pig Pokémon""",,,,1.6,150.0,"""Fire""","""Fighting""","""Blaze""","""Powers up Fire-type moves when the Pokémon's HP is low.""",,,"""Reckless""","""Powers up moves that have recoil damage.""",,,87.5,12.5,70,"""Black""",110,123,65,100,65,65,528,0,3,0,0,0,0,3,45,"""Medium Slow""",1059860,"""Field""",,20,833.0,"""Level 36"""
344,220,"""Swinub""","""Pig Pokémon""",,,,0.4,6.5,"""Ice""","""Ground""","""Oblivious""","""The Pokémon is oblivious, and that keeps it from being infatuated or falling for taunts.""","""Snow Cloak""","""Boosts evasiveness in a hailstorm.""","""Thick Fat""","""The Pokémon is protected by a layer of thick fat, which halves the damage taken from Fire- and Ice-type moves.""",,,50.0,50.0,50,"""Gold""",50,50,40,30,30,50,250,0,1,0,0,0,0,1,225,"""Slow""",1250000,"""Field""",,20,,
1783,671,"""Florges""","""Garden Pokémon""","""White Flower""",1089.0,,1.1,10.0,"""Fairy""",,"""Flower Veil""","""Ally Grass-type Pokémon are protected from status conditions and the lowering of their stats.""",,,"""Symbiosis""","""The Pokémon passes its item to an ally that has used up an item.""",,,0.0,100.0,50,"""X""",78,65,68,112,154,75,552,0,0,0,0,3,0,3,45,"""Medium Fast""",1000000,"""Fairy""",,20,1779.0,"""Shiny Stone"""
1722,968,"""Orthworm""","""Earthworm Pokémon""",,,,2.5,310.0,"""Steel""",,"""Earth Eater""","""If hit by a Ground-type move, the Pokémon has its HP restored instead of taking damage.""",,,"""Sand Veil""","""Boosts the Pokémon's evasiveness in a sandstorm.""",,,50.0,50.0,50,"""Scarlet""",70,85,145,60,55,65,480,0,0,2,0,0,0,2,25,"""Slow""",1250000,"""Field""",,35,,
1769,1024,"""Terapagos""","""Tera Pokémon""",,,"""Legendary""",0.2,6.5,"""Normal""",,"""Tera Shift""","""When the Pokémon enters a battle, it absorbs the energy around itself and transforms into its Terastal Form.""",,,,,,,0.0,0.0,0,"""Violet""",90,65,85,65,85,60,450,0,0,1,0,0,0,1,255,"""Slow""",1250000,"""No Eggs Discovered""",,0,,
612,414,"""Mothim""","""Moth Pokémon""",,,,0.9,23.3,"""Bug""","""Flying""","""Swarm""","""Powers up Bug-type moves when the Pokémon's HP is low.""",,,"""Tinted Lens""","""The Pokémon can use """"not very effective"""" moves to deal regular damage.""",,,100.0,0.0,50,"""Diamond""",70,94,50,94,50,66,424,0,1,0,1,0,0,2,45,"""Medium Fast""",1000000,"""Bug""",,15,610.0,"""Level 20 When Male"""
1801,710,"""Pumpkaboo""","""Pumpkin Pokémon""","""Super Size""",1140.0,,0.8,15.0,"""Ghost""","""Grass""","""Pickup""","""The Pokémon may pick up the item an opposing Pokémon used during a battle. It may pick up items outside of battle, too.""","""Frisk""","""When it enters a battle, the Pokémon can check an opposing Pokémon's held item.""","""Insomnia""","""The Pokémon is suffering from insomnia and cannot fall asleep.""",,,50.0,50.0,50,"""X""",59,66,70,44,55,41,335,0,0,1,0,0,0,1,120,"""Medium Fast""",1000000,"""Amorphous""",,20,,
1587,319,"""Sharpedo""","""Brutal Pokémon""","""Mega""",447.0,,2.5,130.3,"""Water""","""Dark""","""Strong Jaw""","""The Pokémon's strong jaw boosts the power of its biting moves.""",,,,,,,50.0,50.0,35,"""Omega Ruby""",70,140,70,110,65,105,560,0,2,0,0,0,0,2,60,"""Slow""",1250000,"""Water 2""",,20,,
1380,127,"""Pinsir""","""Stag Beetle Pokémon""","""Mega""",223.0,,1.7,59.0,"""Bug""","""Flying""","""Aerilate""","""Normal-type moves become Flying-type moves. The power of those moves is boosted a little.""",,,,,,,50.0,50.0,70,"""X""",65,155,120,65,90,105,600,0,2,0,0,0,0,2,45,"""Slow""",1250000,"""Bug""",,25,,
78,18,"""Pidgeot""","""Bird Pokémon""",,,,1.5,39.5,"""Normal""","""Flying""","""Keen Eye""","""Keen eyes prevent other Pokémon from lowering this Pokémon's accuracy.""","""Tangled Feet""","""Raises evasiveness if the Pokémon is confused.""","""Big Pecks""","""Protects the Pokémon from Defense-lowering effects.""",,,50.0,50.0,50,"""Red""",83,80,75,70,70,101,479,0,0,0,0,0,3,3,45,"""Medium Slow""",1059860,"""Flying""",,15,77.0,"""Level 36"""
81,19,"""Rattata""","""Mouse Pokémon""","""Alola""",80.0,,0.3,3.8,"""Dark""","""Normal""","""Gluttony""","""Makes the Pokémon eat a held Berry when its HP drops to half or less, which is sooner than usual.""","""Hustle""","""Boosts the Attack stat, but lowers accuracy.""","""Thick Fat""","""The Pokémon is protected by a layer of thick fat, which halves the damage taken from Fire- and Ice-type moves.""",,,50.0,50.0,70,"""Sun""",30,56,35,25,35,72,253,0,0,0,0,0,1,1,255,"""Medium Fast""",1000000,"""Field""",,15,,
1337,806,"""Blacephalon""","""Fireworks Pokémon""",,,"""Sub-Legendary""",1.8,13.0,"""Fire""","""Ghost""","""Beast Boost""","""The Pokémon boosts its most proficient stat each time it knocks out a Pokémon.""",,,,,,,0.0,0.0,0,"""Ultra Sun""",53,127,53,151,79,107,570,0,0,0,3,0,0,3,30,"""Slow""",1250000,"""No Eggs Discovered""",,120,,
605,407,"""Roserade""","""Bouquet Pokémon""",,,,0.9,14.5,"""Grass""","""Poison""","""Natural Cure""","""All status conditions heal when the Pokémon switches out.""","""Poison Point""","""Contact with the Pokémon may poison the attacker.""","""Technician""","""Powers up the Pokémon's weaker moves.""",,,50.0,50.0,50,"""Diamond""",60,70,65,125,105,90,515,0,0,0,3,0,0,3,75,"""Medium Slow""",1059860,"""Fairy""","""Grass""",20,443.0,"""Shiny Stone"""
432,304,"""Aron""","""Iron Armor Pokémon""",,,,0.4,60.0,"""Steel""","""Rock""","""Sturdy""","""It cannot be knocked out with one hit. One-hit KO moves cannot knock it out, either.""","""Rock Head""","""Protects the Pokémon from recoil damage.""","""Heavy Metal""","""Doubles the Pokémon's weight.""",,,50.0,50.0,35,"""Ruby""",50,70,100,40,40,30,330,0,0,1,0,0,0,1,180,"""Slow""",1250000,"""Monster""",,35,,
396,268,"""Cascoon""","""Cocoon Pokémon""",,,,0.7,11.5,"""Bug""",,"""Shed Skin""","""The Pokémon may heal its own status conditions by shedding its skin.""",,,,,,,50.0,50.0,50,"""Ruby""",50,35,55,25,25,15,205,0,0,2,0,0,0,2,120,"""Medium Fast""",1000000,"""Bug""",,15,393.0,"""Level 7 Based On Personality Value"""
441,313,"""Volbeat""","""Firefly Pokémon""",,,,0.7,17.7,"""Bug""",,"""Illuminate""","""Raises the likelihood of meeting wild Pokémon by illuminating the surroundings.""","""Swarm""","""Powers up Bug-type moves when the Pokémon's HP is low.""","""Prankster""","""Gives priority to a status move.""",,,100.0,0.0,50,"""Ruby""",65,73,75,47,85,85,430,0,0,0,0,0,1,1,150,"""Erratic""",600000,"""Bug""","""Human-Like""",15,,
865,531,"""Audino""","""Hearing Pokémon""",,,,1.1,31.0,"""Normal""",,"""Healer""","""Sometimes heals an ally's status condition.""","""Regenerator""","""Restores a little HP when withdrawn from battle.""","""Klutz""","""The Pokémon can't use any held items.""",,,50.0,50.0,50,"""Black""",103,60,86,60,86,50,445,2,0,0,0,0,0,2,255,"""Fast""",800000,"""Fairy""",,20,,
241,146,"""Moltres""","""Flame Pokémon""",,,"""Sub-Legendary""",2.0,60.0,"""Fire""","""Flying""","""Pressure""","""By putting pressure on the opposing Pokémon, it raises their PP usage.""",,,"""Flame Body""","""Contact with the Pokémon may burn the attacker.""",,,0.0,0.0,35,"""Red""",90,100,90,125,85,90,580,0,0,0,3,0,0,3,3,"""Slow""",1250000,"""No Eggs Discovered""",,80,,
1446,817,"""Drizzile""","""Water Lizard Pokémon""",,,,0.7,11.5,"""Water""",,"""Torrent""","""Powers up Water-type moves when the Pokémon's HP is low.""",,,"""Sniper""","""Powers up moves if they become critical hits when attacking.""",,,87.5,12.5,50,"""Sword""",65,60,55,95,55,90,420,0,0,0,2,0,0,2,45,"""Medium Slow""",1059860,"""Water 1""","""Field""",20,1445.0,"""Level 16"""
144,110,"""Weezing""","""Poison Gas Pokémon""",,,,1.2,9.5,"""Poison""",,"""Levitate""","""By floating in the air, the Pokémon receives full immunity to all Ground-type moves.""","""Neutralizing Gas""","""If the Pokémon with Neutralizing Gas is in the battle, the effects of all Pokémon's Abilities will be nullified or will not be triggered.""","""Stench""","""By releasing stench when attacking, this Pokémon may cause the target to flinch.""",,,50.0,50.0,50,"""Red""",65,90,120,85,70,60,490,0,0,2,0,0,0,2,60,"""Medium Fast""",1000000,"""Amorphous""",,20,143.0,"""Level 35"""
1434,306,"""Aggron""","""Iron Armor Pokémon""","""Mega""",434.0,,2.2,395.0,"""Steel""",,"""Filter""","""Reduces the power of supereffective attacks taken.""",,,,,,,50.0,50.0,35,"""X""",70,140,230,60,80,50,630,0,0,3,0,0,0,3,45,"""Slow""",1250000,"""Monster""",,35,,
1020,644,"""Zekrom""","""Deep Black Pokémon""",,,"""Legendary""",2.9,345.0,"""Dragon""","""Electric""","""Teravolt""","""Moves can be used on the target regardless of its Abilities.""",,,,,,,0.0,0.0,0,"""Black""",100,150,120,120,100,90,680,0,3,0,0,0,0,3,3,"""Slow""",1250000,"""No Eggs Discovered""",,120,,
1489,828,"""Thievul""","""Fox Pokémon""",,,,1.2,19.9,"""Dark""",,"""Run Away""","""Enables a sure getaway from wild Pokémon.""","""Unburden""","""Boosts the Speed stat if the Pokémon's held item is used or lost.""","""Stakeout""","""Doubles the damage dealt to the target's replacement if the target switches out.""",,,50.0,50.0,50,"""Sword""",70,58,58,87,92,90,455,0,0,0,0,2,0,2,127,"""Fast""",800000,"""Field""",,15,1488.0,"""Level 18"""
1743,990,"""Iron Treads""","""Paradox Pokémon""",,,,0.9,240.0,"""Ground""","""Steel""","""Quark Drive""","""Boosts the Pokémon's most proficient stat on Electric Terrain or if the Pokémon is holding Booster Energy.""",,,,,,,0.0,0.0,0,"""Scarlet""",90,112,120,72,70,106,570,0,0,3,0,0,0,3,30,"""Slow""",1250000,"""No Eggs Discovered""",,50,,
986,613,"""Cubchoo""","""Chill Pokémon""",,,,0.5,8.5,"""Ice""",,"""Snow Cloak""","""Boosts evasiveness in a hailstorm.""","""Slush Rush""","""Boosts the Pokémon's Speed stat in a hailstorm.""","""Rattled""","""Dark-, Ghost-, and Bug-type moves scare the Pokémon and boost its Speed stat.""",,,50.0,50.0,50,"""Black""",55,70,40,60,40,40,305,0,1,0,0,0,0,1,120,"""Medium Fast""",1000000,"""Field""",,20,,
423,295,"""Exploud""","""Loud Noise Pokémon""",,,,1.5,84.0,"""Normal""",,"""Soundproof""","""Soundproofing gives the Pokémon full immunity to all sound-based moves.""",,,"""Scrappy""","""The Pokémon can hit Ghost-type Pokémon with Normal- and Fighting-type moves.""",,,50.0,50.0,50,"""Ruby""",104,91,63,91,73,68,490,3,0,0,0,0,0,3,45,"""Medium Slow""",1059860,"""Monster""","""Field""",20,422.0,"""Level 40"""
1543,826,"""Orbeetle""","""Seven Spot Pokémon""","""Gigantamax""",1487.0,,14.0,0.0,"""Bug""","""Psychic""","""Swarm""","""Powers up Bug-type moves when the Pokémon's HP is low.""","""Frisk""","""When it enters a battle, the Pokémon can check an opposing Pokémon's held item.""","""Telepathy""","""Anticipates an ally's attack and dodges it.""",,,50.0,50.0,50,"""Sword""",60,45,110,80,120,90,505,0,0,0,0,3,0,3,45,"""Medium Fast""",1000000,"""Bug""",,15,,
1014,639,"""Terrakion""","""Cavern Pokémon""",,,"""Sub-Legendary""",1.9,260.0,"""Rock""","""Fighting""","""Justified""","""Being hit by a Dark-type move boosts the Attack stat of the Pokémon, for justice.""",,,,,,,0.0,0.0,35,"""Black""",91,129,90,72,90,108,580,0,3,0,0,0,0,3,3,"""Slow""",1250000,"""No Eggs Discovered""",,80,,
467,339,"""Barboach""","""Whiskers Pokémon""",,,,0.4,1.9,"""Water""","""Ground""","""Oblivious""","""The Pokémon is oblivious, and that keeps it from being infatuated or falling for taunts.""","""Anticipation""","""The Pokémon can sense an opposing Pokémon's dangerous moves.""","""Hydration""","""Heals status conditions if it's raining.""",,,50.0,50.0,50,"""Ruby""",50,48,43,46,41,60,288,1,0,0,0,0,0,1,190,"""Medium Fast""",1000000,"""Water 2""",,20,,
1397,248,"""Tyranitar""","""Armor Bird Pokémon""","""Mega""",372.0,,2.5,255.0,"""Rock""","""Dark""","""Sand Stream""","""The Pokémon summons a sandstorm when it enters a battle.""",,,,,,,50.0,50.0,35,"""X""",100,164,150,95,120,71,700,0,3,0,0,0,0,3,45,"""Slow""",1250000,"""Monster""",,40,,
102,54,"""Psyduck""","""Duck Pokémon""",,,,0.8,19.6,"""Water""",,"""Damp""","""Prevents the use of explosive moves, such as Self-Destruct, by dampening its surroundings.""","""Cloud Nine""","""Eliminates the effects of weather.""","""Swift Swim""","""Boosts the Pokémon's Speed stat in rain.""",,,50.0,50.0,50,"""Red""",50,52,48,65,50,55,320,0,0,0,1,0,0,1,190,"""Medium Fast""",1000000,"""Water 1""","""Field""",20,,
836,502,"""Dewott""","""Discipline Pokémon""",,,,0.8,24.5,"""Water""",,"""Torrent""","""Powers up Water-type moves when the Pokémon's HP is low.""",,,"""Shell Armor""","""A hard shell protects the Pokémon from critical hits.""",,,87.5,12.5,50,"""Black""",75,75,60,83,60,60,413,0,0,0,2,0,0,2,45,"""Medium Slow""",1059860,"""Field""",,20,835.0,"""Level 17"""
1318,789,"""Cosmog""","""Nebula Pokémon""",,,"""Legendary""",0.2,0.1,"""Psychic""",,"""Unaware""","""When attacking, the Pokémon ignores the target Pokémon's stat changes.""",,,,,,,0.0,0.0,0,"""Sun""",43,29,31,29,31,37,200,1,0,0,0,0,0,1,45,"""Slow""",1250000,"""No Eggs Discovered""",,120,,
966,595,"""Joltik""","""Attaching Pokémon""",,,,0.1,0.6,"""Bug""","""Electric""","""Compound Eyes""","""The Pokémon's compound eyes boost its accuracy.""","""Unnerve""","""Unnerves opposing Pokémon and makes them unable to eat Berries.""","""Swarm""","""Powers up Bug-type moves when the Pokémon's HP is low.""",,,50.0,50.0,50,"""Black""",50,47,50,57,50,65,319,0,0,0,0,0,1,1,190,"""Medium Fast""",1000000,"""Bug""",,20,,
1683,1002,"""Chien-Pao""","""Ruinous Pokémon""",,,"""Sub-Legendary""",1.9,152.2,"""Dark""","""Ice""","""Sword of Ruin""","""The power of the Pokémon's ruinous sword lowers the Defense stats of all Pokémon except itself.""",,,,,,,0.0,0.0,0,"""Scarlet""",80,120,80,90,65,135,570,0,0,0,0,0,3,3,6,"""Slow""",1250000,"""No Eggs Discovered""",,50,,
1102,683,"""Aromatisse""","""Fragrance Pokémon""",,,,0.8,15.5,"""Fairy""",,"""Healer""","""Sometimes heals an ally's status condition.""",,,"""Aroma Veil""","""Protects itself and its allies from attacks that limit their move choices.""",,,50.0,50.0,50,"""X""",101,72,72,99,89,29,462,2,0,0,0,0,0,2,140,"""Medium Fast""",1000000,"""Fairy""",,20,1101.0,"""Sachet"""
1477,876,"""Indeedee""","""Emotion Pokémon""",,,,0.9,28.0,"""Psychic""","""Normal""","""Inner Focus""","""The Pokémon's intensely focused, and that protects the Pokémon from flinching.""","""Synchronize""","""The attacker will receive the same status condition if it inflicts a burn, poison, or paralysis to the Pokémon.""","""Psychic Surge""","""Turns the ground into Psychic Terrain when the Pokémon enters a battle.""",,,100.0,0.0,140,"""Sword""",60,65,55,105,95,95,475,0,0,0,2,0,0,2,30,"""Fast""",800000,"""Fairy""",,40,,
1704,961,"""Wugtrio""","""Garden Eel Pokémon""",,,,1.2,5.4,"""Water""",,"""Gooey""","""Contact with the Pokémon lowers the attacker's Speed stat.""","""Rattled""","""Dark-, Ghost-, and Bug-type moves scare the Pokémon and boost its Speed stat.""","""Sand Veil""","""Boosts the Pokémon's evasiveness in a sandstorm.""",,,50.0,50.0,50,"""Scarlet""",35,100,50,50,70,120,425,0,0,0,0,0,2,2,50,"""Medium Fast""",1000000,"""Water 3""",,20,1660.0,"""Level 26"""
1268,742,"""Cutiefly""","""Bee Fly Pokémon""",,,,0.1,0.2,"""Bug""","""Fairy""","""Honey Gather""","""The Pokémon may gather Honey after a battle.""","""Shield Dust""","""This Pokémon's dust blocks the additional effects of attacks taken.""","""Sweet Veil""","""Prevents itself and ally Pokémon from falling asleep.""",,,50.0,50.0,50,"""Sun""",40,45,40,55,40,84,304,0,0,0,0,0,1,1,190,"""Medium Fast""",1000000,"""Bug""","""Fairy""",20,,
499,371,"""Bagon""","""Rock Head Pokémon""",,,,0.6,42.1,"""Dragon""",,"""Rock Head""","""Protects the Pokémon from recoil damage.""",,,"""Sheer Force""","""Removes additional effects to increase the power of moves when attacking.""",,,50.0,50.0,35,"""Ruby""",45,75,60,40,30,50,300,0,1,0,0,0,0,1,45,"""Slow""",1250000,"""Dragon""",,40,,
1074,658,"""Greninja""","""Ninja Pokémon""",,,,1.5,40.0,"""Water""","""Dark""","""Torrent""","""Powers up Water-type moves when the Pokémon's HP is low.""",,,"""Protean""","""Changes the Pokémon's type to the type of the move it's about to use.""","""Battle Bond""","""When the Pokémon knocks out a target, its bond with its Trainer is strengthened, and its Attack, Sp. Atk, and Speed stats are boosted.""",87.5,12.5,50,"""X""",72,95,67,103,71,122,530,0,0,0,0,0,3,3,45,"""Medium Slow""",1059860,"""Water 1""",,20,1073.0,"""Level 36"""
741,493,"""Arceus""","""Alpha Pokémon""",,,"""Mythical""",3.2,320.0,"""Normal""",,"""Multitype""","""Changes the Pokémon's type to match the Plate or Z-Crystal it holds.""",,,,,,,0.0,0.0,0,"""Diamond""",120,120,120,120,120,120,720,3,0,0,0,0,0,3,3,"""Slow""",1250000,"""No Eggs Discovered""",,120,,
1375,110,"""Weezing""","""Poison Gas Pokémon""","""Galar""",144.0,,3.0,16.0,"""Poison""","""Fairy""","""Levitate""","""By floating in the air, the Pokémon receives full immunity to all Ground-type moves.""","""Neutralizing Gas""","""If the Pokémon with Neutralizing Gas is in the battle, the effects of all Pokémon's Abilities will be nullified or will not be triggered.""","""Misty Surge""","""Turns the ground into Misty Terrain when the Pokémon enters a battle.""",,,50.0,50.0,50,"""Sword""",65,90,120,85,70,60,490,0,0,2,0,0,0,2,60,"""Medium Fast""",1000000,"""Amorphous""",,20,143.0,"""Level 35 in Galar"""
459,331,"""Cacnea""","""Cactus Pokémon""",,,,0.4,51.3,"""Grass""",,"""Sand Veil""","""Boosts the Pokémon's evasiveness in a sandstorm.""",,,"""Water Absorb""","""Restores HP if hit by a Water-type move instead of taking damage.""",,,50.0,50.0,35,"""Ruby""",50,85,40,85,40,35,335,0,0,0,1,0,0,1,190,"""Medium Slow""",1059860,"""Grass""","""Human-Like""",20,,
730,480,"""Uxie""","""Knowledge Pokémon""",,,"""Sub-Legendary""",0.3,0.3,"""Psychic""",,"""Levitate""","""By floating in the air, the Pokémon receives full immunity to all Ground-type moves.""",,,,,,,0.0,0.0,140,"""Diamond""",75,75,130,75,130,95,580,0,0,2,0,1,0,3,3,"""Slow""",1250000,"""No Eggs Discovered""",,80,,
148,114,"""Tangela""","""Vine Pokémon""",,,,1.0,35.0,"""Grass""",,"""Chlorophyll""","""Boosts the Pokémon's Speed stat in harsh sunlight.""","""Leaf Guard""","""Prevents status conditions in harsh sunlight.""","""Regenerator""","""Restores a little HP when withdrawn from battle.""",,,50.0,50.0,50,"""Red""",65,55,115,100,40,60,435,0,0,1,0,0,0,1,45,"""Medium Fast""",1000000,"""Grass""",,20,,
504,376,"""Metagross""","""Iron Leg Pokémon""",,,,1.6,550.0,"""Steel""","""Psychic""","""Clear Body""","""Prevents other Pokémon's moves or Abilities from lowering the Pokémon's stats.""",,,"""Light Metal""","""Halves the Pokémon's weight.""",,,0.0,0.0,35,"""Ruby""",80,135,130,95,90,70,600,0,0,3,0,0,0,3,3,"""Slow""",1250000,"""Mineral""",,40,503.0,"""Level 45"""
1559,303,"""Mawile""","""Deceiver Pokémon""","""Mega""",431.0,,1.0,23.5,"""Steel""","""Fairy""","""Huge Power""","""Doubles the Pokémon's Attack stat.""",,,,,,,50.0,50.0,70,"""X""",50,105,125,55,95,50,480,0,1,1,0,0,0,2,45,"""Fast""",800000,"""Field""","""Fairy""",20,,
999,625,"""Bisharp""","""Sword Blade Pokémon""",,,,1.6,70.0,"""Dark""","""Steel""","""Defiant""","""Boosts the Pokémon's Attack stat sharply when its stats are lowered.""","""Inner Focus""","""The Pokémon's intensely focused, and that protects the Pokémon from flinching.""","""Pressure""","""By putting pressure on the opposing Pokémon, it raises their PP usage.""",,,50.0,50.0,35,"""Black""",65,125,100,60,70,70,490,0,2,0,0,0,0,2,45,"""Medium Fast""",1000000,"""Human-Like""",,20,998.0,"""Level 52"""
86,23,"""Ekans""","""Snake Pokémon""",,,,2.0,6.9,"""Poison""",,"""Intimidate""","""The Pokémon intimidates opposing Pokémon upon entering battle, lowering their Attack stat.""","""Shed Skin""","""The Pokémon may heal its own status conditions by shedding its skin.""","""Unnerve""","""Unnerves opposing Pokémon and makes them unable to eat Berries.""",,,50.0,50.0,50,"""Red""",35,60,44,40,54,55,288,0,1,0,0,0,0,1,255,"""Medium Fast""",1000000,"""Field""","""Dragon""",20,,
1698,922,"""Pawmo""","""Mouse Pokémon""",,,,0.4,6.5,"""Electric""","""Fighting""","""Volt Absorb""","""Restores HP if hit by an Electric-type move instead of taking damage.""","""Natural Cure""","""All status conditions heal when the Pokémon switches out.""","""Iron Fist""","""Powers up punching moves.""",,,50.0,50.0,50,"""Scarlet""",60,75,40,50,40,85,350,0,0,0,0,0,2,2,80,"""Medium Fast""",1000000,"""Field""",,15,1650.0,"""Level 18"""
497,369,"""Relicanth""","""Longevity Pokémon""",,,,1.0,23.4,"""Water""","""Rock""","""Swift Swim""","""Boosts the Pokémon's Speed stat in rain.""","""Rock Head""","""Protects the Pokémon from recoil damage.""","""Sturdy""","""It cannot be knocked out with one hit. One-hit KO moves cannot knock it out, either.""",,,87.5,12.5,50,"""Ruby""",100,90,130,45,65,55,485,1,0,1,0,0,0,2,25,"""Slow""",1250000,"""Water 1""","""Water 2""",40,,
1491,830,"""Eldegoss""","""Cotton Bloom Pokémon""",,,,0.5,2.5,"""Grass""",,"""Cotton Down""","""When the Pokémon is hit by an attack, it scatters cotton fluff around and lowers the Speed stat of all Pokémon except itself.""","""Regenerator""","""Restores a little HP when withdrawn from battle.""","""Effect Spore""","""Contact with the Pokémon may inflict poison, sleep, or paralysis on its attacker.""",,,50.0,50.0,50,"""Sword""",60,50,90,80,120,60,460,0,0,0,0,2,0,2,75,"""Medium Fast""",1000000,"""Grass""",,20,1490.0,"""Level 20"""
1659,937,"""Ceruledge""","""Fire Blades Pokémon""",,,,1.6,62.0,"""Fire""","""Ghost""","""Flash Fire""","""Powers up the Pokémon's Fire-type moves if it's hit by one.""",,,"""Weak Armor""","""Physical attacks to the Pokémon lower its Defense stat but sharply raise its Speed stat.""",,,50.0,50.0,0,"""Scarlet""",75,125,80,60,100,85,525,0,2,0,0,0,0,2,25,"""Slow""",1250000,"""Human-Like""",,35,1668.0,"""Malicious Armor"""
83,20,"""Raticate""","""Mouse Pokémon""","""Alola""",82.0,,0.7,25.5,"""Dark""","""Normal""","""Gluttony""","""Makes the Pokémon eat a held Berry when its HP drops to half or less, which is sooner than usual.""","""Hustle""","""Boosts the Attack stat, but lowers accuracy.""","""Thick Fat""","""The Pokémon is protected by a layer of thick fat, which halves the damage taken from Fire- and Ice-type moves.""",,,50.0,50.0,70,"""Sun""",75,71,70,40,80,77,413,0,0,0,0,0,2,2,127,"""Medium Fast""",1000000,"""Field""",,15,81.0,"""Level 20"""
15,849,"""Toxtricity""","""Punk Pokémon""",,,,1.6,40.0,"""Electric""","""Poison""","""Punk Rock""","""Boosts the power of sound-based moves. The Pokémon also takes half the damage from these kinds of moves.""","""Plus""","""Boosts the Sp. Atk stat of the Pokémon if an ally with the Plus or Minus Ability is also in battle.""","""Technician""","""Powers up the Pokémon's weaker moves.""",,,50.0,50.0,50,"""Sword""",75,98,70,114,70,75,502,0,0,0,2,0,0,2,45,"""Medium Slow""",1059860,"""Human-Like""",,25,14.0,"""Level 30 With An Adamant, Brave, Docile, Hardy, Hasty, Impish, Jolly, Lax, Naive, Naughty, Quirky, Rash, or Sassy Nature"""
1877,1012,"""Poltchageist""","""Matcha Pokémon""","""Artisan""",1874.0,,0.1,1.1,"""Grass""","""Ghost""","""Hospitality""","""Restores allies HP upon entering battle.""",,,"""Heatproof""","""The heatproof body of the Pokémon halves the damage from Fire-type moves that hit it.""",,,0.0,0.0,50,"""Scarlet""",40,45,45,74,54,50,308,0,0,0,1,0,0,1,120,"""Medium Fast""",1000000,"""Mineral""","""Amorphous""",20,,
1777,670,"""Floette""","""Single Bloom Pokémon""","""Orange Flower""",1088.0,,0.2,0.9,"""Fairy""",,"""Flower Veil""","""Ally Grass-type Pokémon are protected from status conditions and the lowering of their stats.""",,,"""Symbiosis""","""The Pokémon passes its item to an ally that has used up an item.""",,,0.0,100.0,50,"""X""",54,45,47,75,98,52,371,0,0,0,0,2,0,2,120,"""Medium Fast""",1000000,"""Fairy""",,20,1773.0,"""Level 19"""
1676,916,"""Oinkologne""","""Hog Pokémon""",,,,1.0,120.0,"""Normal""",,"""Lingering Aroma""","""Contact with the Pokémon changes the attacker's Ability to Lingering Aroma.""","""Gluttony""","""Makes the Pokémon eat a held Berry when its HP drops to half or less, which is sooner than usual.""","""Thick Fat""","""The Pokémon is protected by a layer of thick fat, which halves the damage taken from Fire- and Ice-type moves.""",,,100.0,0.0,50,"""Scarlet""",110,100,75,59,80,65,489,2,0,0,0,0,0,2,100,"""Medium Fast""",1000000,"""Field""",,15,1649.0,"""Level 18"""
48,32,"""Nidoran (Male)""","""Poison Pin Pokémon""",,,,0.5,9.0,"""Poison""",,"""Poison Point""","""Contact with the Pokémon may poison the attacker.""","""Rivalry""","""Becomes competitive and deals more damage to Pokémon of the same gender, but deals less to Pokémon of the opposite gender.""","""Hustle""","""Boosts the Attack stat, but lowers accuracy.""",,,100.0,0.0,50,"""Red""",46,57,40,40,40,50,273,0,1,0,0,0,0,1,235,"""Medium Slow""",1059860,"""Monster""","""Field""",20,,
1626,904,"""Overqwil""","""Pin Cluster Pokémon""",,,,2.5,60.5,"""Dark""","""Poison""","""Poison Point""","""Contact with the Pokémon may poison the attacker.""","""Swift Swim""","""Boosts the Pokémon's Speed stat in rain.""","""Intimidate""","""The Pokémon intimidates opposing Pokémon upon entering battle, lowering their Attack stat.""",,,50.0,50.0,0,"""Legends Arceus""",85,115,95,65,65,85,510,0,1,0,0,0,0,1,135,"""Medium Fast""",1000000,"""Water 2""",,20,1625.0,"""Use Barb Barrage 20 times in Strong Style In Hisui"""
1753,969,"""Glimmet""","""Ore Pokémon""",,,,0.7,8.0,"""Rock""","""Poison""","""Toxic Debris""","""Scatters poison spikes at the feet of the opposing team when the Pokémon takes damage from physical moves.""",,,"""Corrosion""","""The Pokémon can poison the target even if it's a Steel or Poison type.""",,,50.0,50.0,50,"""Scarlet""",48,35,42,105,60,60,350,0,0,0,1,0,0,1,70,"""Medium Slow""",1059860,"""Mineral""",,30,,
922,568,"""Trubbish""","""Trash Bag Pokémon""",,,,0.6,31.0,"""Poison""",,"""Stench""","""By releasing stench when attacking, this Pokémon may cause the target to flinch.""","""Sticky Hold""","""Items held by the Pokémon are stuck fast and cannot be removed by other Pokémon.""","""Aftermath""","""Damages the attacker if it contacts the Pokémon with a finishing hit.""",,,50.0,50.0,50,"""Black""",50,50,62,40,62,65,329,0,0,0,0,0,1,1,190,"""Medium Fast""",1000000,"""Mineral""",,20,,
1596,133,"""Eevee""","""Evolution Pokémon""","""Starter""",228.0,,0.3,6.5,"""Normal""",,"""Run Away""","""Enables a sure getaway from wild Pokémon.""","""Adaptability""","""Powers up moves of the same type as the Pokémon.""","""Anticipation""","""The Pokémon can sense an opposing Pokémon's dangerous moves.""",,,87.5,12.5,70,"""Let's Go Pikachu""",65,75,70,65,85,75,435,0,0,0,0,1,0,1,45,"""Medium Fast""",1000000,"""Field""",,35,,
969,598,"""Ferrothorn""","""Thorn Pod Pokémon""",,,,1.0,110.0,"""Grass""","""Steel""","""Iron Barbs""","""Inflicts damage on the attacker upon contact with iron barbs.""",,,"""Anticipation""","""The Pokémon can sense an opposing Pokémon's dangerous moves.""",,,50.0,50.0,50,"""Black""",74,94,131,54,116,20,489,0,0,2,0,0,0,2,90,"""Medium Fast""",1000000,"""Grass""","""Mineral""",20,968.0,"""Level 40"""
1779,670,"""Floette""","""Single Bloom Pokémon""","""White Flower""",1088.0,,0.2,0.9,"""Fairy""",,"""Flower Veil""","""Ally Grass-type Pokémon are protected from status conditions and the lowering of their stats.""",,,"""Symbiosis""","""The Pokémon passes its item to an ally that has used up an item.""",,,0.0,100.0,50,"""X""",54,45,47,75,98,52,371,0,0,0,0,2,0,2,120,"""Medium Fast""",1000000,"""Fairy""",,20,1775.0,"""Level 19"""
1404,800,"""Necrozma""","""Prism Pokémon""","""Dusk Mane""",1331.0,"""Legendary""",3.8,460.0,"""Psychic""","""Steel""","""Prism Armor""","""Reduces the power of supereffective attacks taken.""",,,,,,,0.0,0.0,0,"""Ultra Sun""",97,157,127,113,109,77,680,0,3,0,0,0,0,3,255,"""Slow""",1250000,"""No Eggs Discovered""",,120,,
946,577,"""Solosis""","""Cell Pokémon""",,,,0.3,1.0,"""Psychic""",,"""Overcoat""","""Protects the Pokémon from things like sand, hail, and powder.""","""Magic Guard""","""The Pokémon only takes damage from attacks.""","""Regenerator""","""Restores a little HP when withdrawn from battle.""",,,50.0,50.0,50,"""Black""",45,30,40,105,50,20,290,0,0,0,1,0,0,1,200,"""Medium Slow""",1059860,"""Amorphous""",,20,,
653,455,"""Carnivine""","""Bug Catcher Pokémon""",,,,1.4,27.0,"""Grass""",,"""Levitate""","""By floating in the air, the Pokémon receives full immunity to all Ground-type moves.""",,,,,,,50.0,50.0,50,"""Diamond""",74,100,72,90,72,46,454,0,2,0,0,0,0,2,200,"""Slow""",1250000,"""Grass""",,25,,
1500,839,"""Coalossal""","""Coal Pokémon""",,,,2.8,310.5,"""Rock""","""Fire""","""Steam Engine""","""Boosts the Pokémon's Speed stat drastically if hit by a Fire- or Water-type move.""","""Flame Body""","""Contact with the Pokémon may burn the attacker.""","""Flash Fire""","""Powers up the Pokémon's Fire-type moves if it's hit by one.""",,,50.0,50.0,50,"""Sword""",110,80,120,80,90,30,510,0,0,3,0,0,0,3,45,"""Medium Slow""",1059860,"""Mineral""",,15,1499.0,"""Level 34"""
382,254,"""Sceptile""","""Forest Pokémon""",,,,1.7,52.2,"""Grass""",,"""Overgrow""","""Powers up Grass-type moves when the Pokémon's HP is low.""",,,"""Unburden""","""Boosts the Speed stat if the Pokémon's held item is used or lost.""",,,87.5,12.5,50,"""Ruby""",70,85,65,105,85,120,530,0,0,0,0,0,3,3,45,"""Medium Slow""",1059860,"""Monster""","""Dragon""",20,381.0,"""Level 36"""
883,549,"""Lilligant""","""Flowering Pokémon""",,,,1.1,16.3,"""Grass""",,"""Chlorophyll""","""Boosts the Pokémon's Speed stat in harsh sunlight.""","""Own Tempo""","""This Pokémon has its own tempo, and that prevents it from becoming confused.""","""Leaf Guard""","""Prevents status conditions in harsh sunlight.""",,,0.0,100.0,50,"""Black""",70,60,75,110,75,90,480,0,0,0,2,0,0,2,75,"""Medium Fast""",1000000,"""Grass""",,20,882.0,"""Sun Stone"""
885,550,"""Basculin""","""Hostile Pokémon""",,,,1.0,18.0,"""Water""",,"""Reckless""","""Powers up moves that have recoil damage.""","""Adaptability""","""Powers up moves of the same type as the Pokémon.""","""Mold Breaker""","""Moves can be used on the target regardless of its Abilities.""",,,50.0,50.0,50,"""Black""",70,92,65,80,55,98,460,0,0,0,0,0,2,2,25,"""Medium Fast""",1000000,"""Water 2""",,40,,
1282,755,"""Morelull""","""Illuminating Pokémon""",,,,0.2,1.5,"""Grass""","""Fairy""","""Illuminate""","""Raises the likelihood of meeting wild Pokémon by illuminating the surroundings.""","""Effect Spore""","""Contact with the Pokémon may inflict poison, sleep, or paralysis on its attacker.""","""Rain Dish""","""The Pokémon gradually regains HP in rain.""",,,50.0,50.0,50,"""Sun""",40,35,55,65,75,15,285,0,0,0,0,1,0,1,190,"""Medium Fast""",1000000,"""Grass""",,20,,
1321,791,"""Solgaleo""","""Sunne Pokémon""",,,"""Legendary""",3.4,230.0,"""Psychic""","""Steel""","""Full Metal Body""","""Prevents other Pokémon's moves or Abilities from lowering the Pokémon's stats.""",,,,,,,0.0,0.0,0,"""Sun""",137,137,107,113,89,97,680,0,3,0,0,0,0,3,45,"""Slow""",1250000,"""No Eggs Discovered""",,120,1320.0,"""Level 53 in Scarlet"""
616,418,"""Buizel""","""Sea Weasel Pokémon""",,,,0.7,29.5,"""Water""",,"""Swift Swim""","""Boosts the Pokémon's Speed stat in rain.""",,,"""Water Veil""","""The Pokémon is covered with a water veil, which prevents the Pokémon from getting a burn.""",,,50.0,50.0,50,"""Diamond""",55,65,35,60,30,85,330,0,0,0,0,0,1,1,190,"""Medium Fast""",1000000,"""Water 1""","""Field""",20,,
512,384,"""Rayquaza""","""Sky High Pokémon""",,,"""Legendary""",7.0,206.5,"""Dragon""","""Flying""","""Air Lock""","""Eliminates the effects of weather.""",,,,,,,0.0,0.0,0,"""Ruby""",105,150,90,150,90,95,680,0,2,0,1,0,0,3,45,"""Slow""",1250000,"""No Eggs Discovered""",,120,,
